This is pdfTeX, Version 3.141592653-2.6-1.40.24 (TeX Live 2022/Debian) (preloaded format=pdflatex 2025.9.22)  27 JUN 2026 14:35
entering extended mode
 restricted \write18 enabled.
 %&-line parsing enabled.
**main.tex
(./main.tex
LaTeX2e <2022-11-01> patch level 1
L3 programming layer <2023-01-16> (./header.tex
(/usr/share/texlive/texmf-dist/tex/latex/koma-script/scrartcl.cls
Document Class: scrartcl 2022/10/12 v3.38 KOMA-Script document class (article)
(/usr/share/texlive/texmf-dist/tex/latex/koma-script/scrkbase.sty
Package: scrkbase 2022/10/12 v3.38 KOMA-Script package (KOMA-Script-dependent b
asics and keyval usage)

(/usr/share/texlive/texmf-dist/tex/latex/koma-script/scrbase.sty
Package: scrbase 2022/10/12 v3.38 KOMA-Script package (KOMA-Script-independent 
basics and keyval usage)

(/usr/share/texlive/texmf-dist/tex/latex/koma-script/scrlfile.sty
Package: scrlfile 2022/10/12 v3.38 KOMA-Script package (file load hooks)

(/usr/share/texlive/texmf-dist/tex/latex/koma-script/scrlfile-hook.sty
Package: scrlfile-hook 2022/10/12 v3.38 KOMA-Script package (using LaTeX hooks)


(/usr/share/texlive/texmf-dist/tex/latex/koma-script/scrlogo.sty
Package: scrlogo 2022/10/12 v3.38 KOMA-Script package (logo)
)))
(/usr/share/texlive/texmf-dist/tex/latex/graphics/keyval.sty
Package: keyval 2022/05/29 v1.15 key=value parser (DPC)
\KV@toks@=\toks16
)
Applying: [2021/05/01] Usage of raw or classic option list on input line 252.
Already applied: [0000/00/00] Usage of raw or classic option list on input line
 368.
))
(/usr/share/texlive/texmf-dist/tex/latex/koma-script/tocbasic.sty
Package: tocbasic 2022/10/12 v3.38 KOMA-Script package (handling toc-files)
\scr@dte@tocline@numberwidth=\skip48
\scr@dte@tocline@numbox=\box51
)
Package tocbasic Info: omitting babel extension for `toc'
(tocbasic)             because of feature `nobabel' available
(tocbasic)             for `toc' on input line 135.


Package scrartcl Warning: You've used deprecated option `14pt'.
(scrartcl)                Usage of this option indicates an old document
(scrartcl)                and changes compatibility level using
(scrartcl)                `fontsize=14pt,version=first,
(scrartcl)                enabledeprecatedfontcommands' that may result
(scrartcl)                in further warnings.
(scrartcl)                If you don't want this, you should simply
(scrartcl)                replace option `14pt' by `fontsize=14pt'.

Class scrartcl Info: Switching compatibility level to `first'.

Class scrartcl Warning: Switching back to an old KOMA-Script release does
(scrartcl)              not mean, that KOMA-Script is fully compatible with
(scrartcl)              the old release. If you need full compatibility
(scrartcl)              to an old KOMA-Script release, you should use that
(scrartcl)              old KOMA-Script release. However, in that case you
(scrartcl)              could also need old releases of other packages and
(scrartcl)              even of the LaTeX kernel.
(scrartcl)              You should also note, that the KOMA-Script developers
(scrartcl)              refuse support for documents using `version=first'.
(scrartcl)              We recommend to eliminate all deprecated options
(scrartcl)              and commands. We also recommend to not use option
(scrartcl)              `version', i.e., with other values than `last'.


Class scrartcl Warning: deprecated option `enabledeprecatedfontcommands'.
(scrartcl)              Note, that this option was already depreacted when
(scrartcl)              it has been defined. Support for old font commands
(scrartcl)              has been removed from KOMA-Script more than one
(scrartcl)              decade ago. It is not recommended to use them any
(scrartcl)              longer. Therefore usage of this class option also
(scrartcl)              is not recommended.

Class scrartcl Info: File `size14.clo' used to setup font sizes on input line 2
367.
(/usr/share/texlive/texmf-dist/tex/latex/extsizes/size14.clo
File: size14.clo 1999/11/11 v1.4a NON-Standard LaTeX file (size option)
)
(/usr/share/texlive/texmf-dist/tex/latex/koma-script/typearea.sty
Package: typearea 2022/10/12 v3.38 KOMA-Script package (type area)
\ta@bcor=\skip49
\ta@div=\count185
\ta@hblk=\skip50
\ta@vblk=\skip51
\ta@temp=\skip52
\footheight=\skip53


Package typearea Warning: DIV for 14.0pt and used papersize
(typearea)                not defined!
(typearea)                Using DIV=calc.

DIV calculation for typearea with good linewidth.
Package typearea Info: These are the values describing the layout:
(typearea)             DIV  = 17
(typearea)             BCOR = 0.0pt
(typearea)             \paperwidth      = 597.50793pt
(typearea)              \textwidth      = 492.06537pt
(typearea)              DIV departure   = 0%
(typearea)              \evensidemargin = -19.5487pt
(typearea)              \oddsidemargin  = -19.5487pt
(typearea)             \paperheight     = 845.04694pt
(typearea)              \textheight     = 711.0pt
(typearea)              \topmargin      = -69.31136pt
(typearea)              \headheight     = 21.25pt
(typearea)              \headsep        = 25.5pt
(typearea)              \topskip        = 14.0pt
(typearea)              \footskip       = 59.5pt
(typearea)              \baselineskip   = 17.0pt
(typearea)              on input line 1767.
)
\c@part=\count186
\c@section=\count187
\c@subsection=\count188
\c@subsubsection=\count189
\c@paragraph=\count190
\c@subparagraph=\count191
\scr@dte@section@maxnumwidth=\skip54
Class scrartcl Info: using compatibility default `runin=bysign'
(scrartcl)           for `\section on input line 4994.
Class scrartcl Info: using compatibility default `afterindent=bysign'
(scrartcl)           for `\section on input line 4994.
\scr@dte@part@maxnumwidth=\skip55
Class scrartcl Info: using compatibility default `afterindent=false'
(scrartcl)           for `\part on input line 5002.
\scr@dte@subsection@maxnumwidth=\skip56
Class scrartcl Info: using compatibility default `runin=bysign'
(scrartcl)           for `\subsection on input line 5012.
Class scrartcl Info: using compatibility default `afterindent=bysign'
(scrartcl)           for `\subsection on input line 5012.
\scr@dte@subsubsection@maxnumwidth=\skip57
Class scrartcl Info: using compatibility default `runin=bysign'
(scrartcl)           for `\subsubsection on input line 5022.
Class scrartcl Info: using compatibility default `afterindent=bysign'
(scrartcl)           for `\subsubsection on input line 5022.
\scr@dte@paragraph@maxnumwidth=\skip58
Class scrartcl Info: using compatibility default `runin=bysign'
(scrartcl)           for `\paragraph on input line 5033.
Class scrartcl Info: using compatibility default `afterindent=bysign'
(scrartcl)           for `\paragraph on input line 5033.
\scr@dte@subparagraph@maxnumwidth=\skip59
Class scrartcl Info: using compatibility default `runin=bysign'
(scrartcl)           for `\subparagraph on input line 5043.
Class scrartcl Info: using compatibility default `afterindent=bysign'
(scrartcl)           for `\subparagraph on input line 5043.
\abovecaptionskip=\skip60
\belowcaptionskip=\skip61
\c@pti@nb@sid@b@x=\box52
Package tocbasic Info: omitting babel extension for `lof'
(tocbasic)             because of feature `nobabel' available
(tocbasic)             for `lof' on input line 6211.
\scr@dte@figure@maxnumwidth=\skip62
\c@figure=\count192
Package tocbasic Info: omitting babel extension for `lot'
(tocbasic)             because of feature `nobabel' available
(tocbasic)             for `lot' on input line 6227.
\scr@dte@table@maxnumwidth=\skip63
\c@table=\count193
Class scrartcl Info: Using old \@makefntext due to compatibility level
(scrartcl)           less than 3.22 on input line 6384.
Class scrartcl Info: Redefining `\numberline' on input line 6397.
\bibindent=\dimen140
) (/usr/share/texlive/texmf-dist/tex/latex/float/float.sty
Package: float 2001/11/08 v1.3d Float enhancements (AL)
\c@float@type=\count194
\float@exts=\toks17
\float@box=\box53
\@float@everytoks=\toks18
\@floatcapt=\box54
)
(/usr/share/texlive/texmf-dist/tex/latex/xcolor/xcolor.sty
Package: xcolor 2022/06/12 v2.14 LaTeX color extensions (UK)

(/usr/share/texlive/texmf-dist/tex/latex/graphics-cfg/color.cfg
File: color.cfg 2016/01/02 v1.6 sample color configuration
)
Package xcolor Info: Driver file: pdftex.def on input line 227.

(/usr/share/texlive/texmf-dist/tex/latex/graphics-def/pdftex.def
File: pdftex.def 2022/09/22 v1.2b Graphics/color driver for pdftex
)
(/usr/share/texlive/texmf-dist/tex/latex/graphics/mathcolor.ltx)
Package xcolor Info: Model `cmy' substituted by `cmy0' on input line 1353.
Package xcolor Info: Model `hsb' substituted by `rgb' on input line 1357.
Package xcolor Info: Model `RGB' extended on input line 1369.
Package xcolor Info: Model `HTML' substituted by `rgb' on input line 1371.
Package xcolor Info: Model `Hsb' substituted by `hsb' on input line 1372.
Package xcolor Info: Model `tHsb' substituted by `hsb' on input line 1373.
Package xcolor Info: Model `HSB' substituted by `hsb' on input line 1374.
Package xcolor Info: Model `Gray' substituted by `gray' on input line 1375.
Package xcolor Info: Model `wave' substituted by `hsb' on input line 1376.
)
(/usr/share/texlive/texmf-dist/tex/latex/extsizes/extsizes.sty
Package: extsizes 1996/10/08 v1.0 Non Standard LaTeX Package


Package ExtSizes Warning: It is better to use one of the extsizes classes,
 if you can.

(/usr/share/texlive/texmf-dist/tex/latex/extsizes/size14.clo
File: size14.clo 1999/11/11 v1.4a NON-Standard LaTeX file (size option)
))
(/usr/share/texlive/texmf-dist/tex/latex/subfig/subfig.sty
Package: subfig 2005/06/28 ver: 1.3 subfig package

(/usr/share/texlive/texmf-dist/tex/latex/caption/caption.sty
Package: caption 2022/03/01 v3.6b Customizing captions (AR)

(/usr/share/texlive/texmf-dist/tex/latex/caption/caption3.sty
Package: caption3 2022/03/17 v2.3b caption3 kernel (AR)
\caption@tempdima=\dimen141
\captionmargin=\dimen142
\caption@leftmargin=\dimen143
\caption@rightmargin=\dimen144
\caption@width=\dimen145
\caption@indent=\dimen146
\caption@parindent=\dimen147
\caption@hangindent=\dimen148
Package caption Info: KOMA-Script document class detected.

(/usr/share/texlive/texmf-dist/tex/latex/caption/caption-koma.sto
File: caption-koma.sto 2020/09/21 v2.0b Adaption of the caption package to the 
KOMA-Script document classes (AR)
))
\c@caption@flags=\count195
\c@continuedfloat=\count196
Package caption Info: float package is loaded.
)
\c@KVtest=\count197
\sf@farskip=\skip64
\sf@captopadj=\dimen149
\sf@capskip=\skip65
\sf@nearskip=\skip66
\c@subfigure=\count198
\c@subfigure@save=\count199
\c@lofdepth=\count266
\c@subtable=\count267
\c@subtable@save=\count268
\c@lotdepth=\count269
\sf@top=\skip67
\sf@bottom=\skip68
)
(/usr/share/texlive/texmf-dist/tex/latex/adjustbox/adjustbox.sty
Package: adjustbox 2022/10/17 v1.3a Adjusting TeX boxes (trim, clip, ...)

(/usr/share/texlive/texmf-dist/tex/latex/xkeyval/xkeyval.sty
Package: xkeyval 2022/06/16 v2.9 package option processing (HA)

(/usr/share/texlive/texmf-dist/tex/generic/xkeyval/xkeyval.tex
(/usr/share/texlive/texmf-dist/tex/generic/xkeyval/xkvutils.tex
\XKV@toks=\toks19
\XKV@tempa@toks=\toks20
)
\XKV@depth=\count270
File: xkeyval.tex 2014/12/03 v2.7a key=value parser (HA)
))
(/usr/share/texlive/texmf-dist/tex/latex/adjustbox/adjcalc.sty
Package: adjcalc 2012/05/16 v1.1 Provides advanced setlength with multiple back
-ends (calc, etex, pgfmath)
)
(/usr/share/texlive/texmf-dist/tex/latex/adjustbox/trimclip.sty
Package: trimclip 2020/08/19 v1.2 Trim and clip general TeX material

(/usr/share/texlive/texmf-dist/tex/latex/graphics/graphicx.sty
Package: graphicx 2021/09/16 v1.2d Enhanced LaTeX Graphics (DPC,SPQR)

(/usr/share/texlive/texmf-dist/tex/latex/graphics/graphics.sty
Package: graphics 2022/03/10 v1.4e Standard LaTeX Graphics (DPC,SPQR)

(/usr/share/texlive/texmf-dist/tex/latex/graphics/trig.sty
Package: trig 2021/08/11 v1.11 sin cos tan (DPC)
)
(/usr/share/texlive/texmf-dist/tex/latex/graphics-cfg/graphics.cfg
File: graphics.cfg 2016/06/04 v1.11 sample graphics configuration
)
Package graphics Info: Driver file: pdftex.def on input line 107.
)
\Gin@req@height=\dimen150
\Gin@req@width=\dimen151
)
(/usr/share/texlive/texmf-dist/tex/latex/collectbox/collectbox.sty
Package: collectbox 2022/10/17 v0.4c Collect macro arguments as boxes
\collectedbox=\box55
)
\tc@llx=\dimen152
\tc@lly=\dimen153
\tc@urx=\dimen154
\tc@ury=\dimen155
Package trimclip Info: Using driver 'tc-pdftex.def'.

(/usr/share/texlive/texmf-dist/tex/latex/adjustbox/tc-pdftex.def
File: tc-pdftex.def 2019/01/04 v2.2 Clipping driver for pdftex
))
\adjbox@Width=\dimen156
\adjbox@Height=\dimen157
\adjbox@Depth=\dimen158
\adjbox@Totalheight=\dimen159
\adjbox@pwidth=\dimen160
\adjbox@pheight=\dimen161
\adjbox@pdepth=\dimen162
\adjbox@ptotalheight=\dimen163

(/usr/share/texlive/texmf-dist/tex/latex/ifoddpage/ifoddpage.sty
Package: ifoddpage 2022/10/18 v1.2 Conditionals for odd/even page detection
\c@checkoddpage=\count271
)
(/usr/share/texlive/texmf-dist/tex/latex/varwidth/varwidth.sty
Package: varwidth 2009/03/30 ver 0.92;  Variable-width minipages
\@vwid@box=\box56
\sift@deathcycles=\count272
\@vwid@loff=\dimen164
\@vwid@roff=\dimen165
))
(/usr/share/texlive/texmf-dist/tex/latex/tocvsec2/tocvsec2.sty
Package: tocvsec2 2014/03/10 v1.3a variable ToC section entries

(/usr/share/texlive/texmf-dist/tex/latex/base/ifthen.sty
Package: ifthen 2022/04/13 v1.1d Standard LaTeX ifthen package (DPC)
)
\c@max@tocdepth=\count273
\c@max@secnumdepth=\count274
)

Class scrartcl Warning: Usage of package `tocloft' together
(scrartcl)              with a KOMA-Script class is not recommended.
(scrartcl)              I'd suggest to use options like `listof=entryprefix',
(scrartcl)              commands like `\listoflofentryname' or
(scrartcl)              `\listoflotentryname', and `\DeclareTOCStyleEntry' or
(scrartcl)              `\RedeclareSectionCommand' instead of this package,
(scrartcl)              because it breaks several KOMA-Script features of
(scrartcl)              the list of figures, list of tables and table of
(scrartcl)              contents, i.e., options like `listof=numbered',
(scrartcl)              `listof=flat or `toc=flat', commands like
(scrartcl)              `\BeforeTOCHead{...}' and `\AfterTOCHead{...}',
(scrartcl)              `\BeforeStartingTOC{...}' and \AfterStartingTOC{...}',
(scrartcl)              all features of `\DeclareTOCStyleEntry',
(scrartcl)              and the ToC entry features of `\DeclareSecionCommand'
(scrartcl)              and `\RedeclareSectionCommand' of levels
(scrartcl)              `part', `chapter', `section', `subsection',
(scrartcl)              `subsubsection', `paragraph' and `subparagraph'.
(scrartcl)              Nevertheless, using requested
(scrartcl)              package `tocloft' on input line 19.

(/usr/share/texlive/texmf-dist/tex/latex/tocloft/tocloft.sty
Package: tocloft 2017/08/31 v2.3i parameterised ToC, etc., typesetting
Package tocloft Info: The document has section divisions on input line 51.
\cftparskip=\skip69
\cftbeforetoctitleskip=\skip70
\cftaftertoctitleskip=\skip71
\cftbeforepartskip=\skip72
\cftpartnumwidth=\skip73
\cftpartindent=\skip74
\cftbeforesecskip=\skip75
\cftsecindent=\skip76
\cftsecnumwidth=\skip77
\cftbeforesubsecskip=\skip78
\cftsubsecindent=\skip79
\cftsubsecnumwidth=\skip80
\cftbeforesubsubsecskip=\skip81
\cftsubsubsecindent=\skip82
\cftsubsubsecnumwidth=\skip83
\cftbeforeparaskip=\skip84
\cftparaindent=\skip85
\cftparanumwidth=\skip86
\cftbeforesubparaskip=\skip87
\cftsubparaindent=\skip88
\cftsubparanumwidth=\skip89
\cftbeforeloftitleskip=\skip90
\cftafterloftitleskip=\skip91
\cftbeforefigskip=\skip92
\cftfigindent=\skip93
\cftfignumwidth=\skip94
\cftbeforelottitleskip=\skip95
\cftafterlottitleskip=\skip96
\cftbeforetabskip=\skip97
\cfttabindent=\skip98
\cfttabnumwidth=\skip99
\cftbeforesubfigskip=\skip100
\cftsubfigindent=\skip101
\cftsubfignumwidth=\skip102
\cftbeforesubtabskip=\skip103
\cftsubtabindent=\skip104
\cftsubtabnumwidth=\skip105
)
(/usr/share/texlive/texmf-dist/tex/latex/minted/minted.sty
Package: minted 2022/12/12 v2.7 Yet another Pygments shim for LaTeX

(/usr/share/texlive/texmf-dist/tex/latex/kvoptions/kvoptions.sty
Package: kvoptions 2022-06-15 v3.15 Key value format for package options (HO)

(/usr/share/texlive/texmf-dist/tex/generic/ltxcmds/ltxcmds.sty
Package: ltxcmds 2020-05-10 v1.25 LaTeX kernel commands for general use (HO)
)
(/usr/share/texlive/texmf-dist/tex/latex/kvsetkeys/kvsetkeys.sty
Package: kvsetkeys 2022-10-05 v1.19 Key value parser (HO)
))
(/usr/share/texlive/texmf-dist/tex/latex/fvextra/fvextra.sty
Package: fvextra 2022/11/30 v1.5 fvextra - extensions and patches for fancyvrb

(/usr/share/texlive/texmf-dist/tex/latex/etoolbox/etoolbox.sty
Package: etoolbox 2020/10/05 v2.5k e-TeX tools for LaTeX (JAW)
\etb@tempcnta=\count275
)
(/usr/share/texlive/texmf-dist/tex/latex/fancyvrb/fancyvrb.sty
Package: fancyvrb 2023/01/19 4.5a verbatim text (tvz,hv)
\FV@CodeLineNo=\count276
\FV@InFile=\read2
\FV@TabBox=\box57
\c@FancyVerbLine=\count277
\FV@StepNumber=\count278
\FV@OutFile=\write3
)
(/usr/share/texlive/texmf-dist/tex/latex/upquote/upquote.sty
Package: upquote 2012/04/19 v1.3 upright-quote and grave-accent glyphs in verba
tim
)
(/usr/share/texlive/texmf-dist/tex/latex/lineno/lineno.sty
Package: lineno 2023/01/19 line numbers on paragraphs v5.1
\linenopenalty=\count279
\output=\toks21
\linenoprevgraf=\count280
\linenumbersep=\dimen166
\linenumberwidth=\dimen167
\c@linenumber=\count281
\c@pagewiselinenumber=\count282
\c@LN@truepage=\count283
\c@internallinenumber=\count284
\c@internallinenumbers=\count285
\quotelinenumbersep=\dimen168
\bframerule=\dimen169
\bframesep=\dimen170
\bframebox=\box58
LaTeX Info: Redefining \\ on input line 3131.
)
\c@FV@TrueTabGroupLevel=\count286
\c@FV@TrueTabCounter=\count287
\FV@TabBox@Group=\box59
\FV@TmpLength=\skip106
\c@FV@HighlightLinesStart=\count288
\c@FV@HighlightLinesStop=\count289
\FV@LoopCount=\count290
\FV@NCharsBox=\box60
\FV@BreakIndent=\dimen171
\FV@BreakIndentNChars=\count291
\FV@BreakSymbolSepLeft=\dimen172
\FV@BreakSymbolSepLeftNChars=\count292
\FV@BreakSymbolSepRight=\dimen173
\FV@BreakSymbolSepRightNChars=\count293
\FV@BreakSymbolIndentLeft=\dimen174
\FV@BreakSymbolIndentLeftNChars=\count294
\FV@BreakSymbolIndentRight=\dimen175
\FV@BreakSymbolIndentRightNChars=\count295
\c@FancyVerbLineBreakLast=\count296
\FV@LineBox=\box61
\FV@LineIndentBox=\box62
\c@FV@BreakBufferDepth=\count297
\FV@LineWidth=\dimen176
)
(/usr/share/texlive/texmf-dist/tex/latex/tools/calc.sty
Package: calc 2017/05/25 v4.3 Infix arithmetic (KKT,FJ)
\calc@Acount=\count298
\calc@Bcount=\count299
\calc@Adimen=\dimen177
\calc@Bdimen=\dimen178
\calc@Askip=\skip107
\calc@Bskip=\skip108
LaTeX Info: Redefining \setlength on input line 80.
LaTeX Info: Redefining \addtolength on input line 81.
\calc@Ccount=\count300
\calc@Cskip=\skip109
)
(/usr/share/texlive/texmf-dist/tex/latex/tools/shellesc.sty
Package: shellesc 2019/11/08 v1.0c unified shell escape interface for LaTeX
Package shellesc Info: Restricted shell escape enabled on input line 77.
)
(/usr/share/texlive/texmf-dist/tex/latex/ifplatform/ifplatform.sty
Package: ifplatform 2017/10/13 v0.4a Testing for the operating system

(/usr/share/texlive/texmf-dist/tex/generic/pdftexcmds/pdftexcmds.sty
Package: pdftexcmds 2020-06-27 v0.33 Utility functions of pdfTeX for LuaTeX (HO
)

(/usr/share/texlive/texmf-dist/tex/generic/infwarerr/infwarerr.sty
Package: infwarerr 2019/12/03 v1.5 Providing info/warning/error messages (HO)
)
(/usr/share/texlive/texmf-dist/tex/generic/iftex/iftex.sty
Package: iftex 2022/02/03 v1.0f TeX engine tests
)
Package pdftexcmds Info: \pdf@primitive is available.
Package pdftexcmds Info: \pdf@ifprimitive is available.
Package pdftexcmds Info: \pdfdraftmode found.
)
(/usr/share/texlive/texmf-dist/tex/generic/catchfile/catchfile.sty
Package: catchfile 2019/12/09 v1.8 Catch the contents of a file (HO)

(/usr/share/texlive/texmf-dist/tex/generic/etexcmds/etexcmds.sty
Package: etexcmds 2019/12/15 v1.7 Avoid name clashes with e-TeX commands (HO)
))
(/usr/share/texlive/texmf-dist/tex/generic/iftex/ifluatex.sty
Package: ifluatex 2019/10/25 v1.5 ifluatex legacy package. Use iftex instead.
)

Package ifplatform Warning: 
    shell escape is disabled, so I can only detect \ifwindows.

) (/usr/share/texlive/texmf-dist/tex/generic/xstring/xstring.sty
(/usr/share/texlive/texmf-dist/tex/generic/xstring/xstring.tex
\integerpart=\count301
\decimalpart=\count302
)
Package: xstring 2023/01/14 v1.85 String manipulations (CT)
)
(/usr/share/texlive/texmf-dist/tex/latex/framed/framed.sty
Package: framed 2011/10/22 v 0.96: framed or shaded text with page breaks
\OuterFrameSep=\skip110
\fb@frw=\dimen179
\fb@frh=\dimen180
\FrameRule=\dimen181
\FrameSep=\dimen182
)
(/usr/share/texlive/texmf-dist/tex/latex/newfloat/newfloat.sty
Package: newfloat 2019/09/02 v1.1l Defining new floating environments (AR)
)
\minted@appexistsfile=\read3
\minted@bgbox=\box63
\minted@code=\write4
\c@minted@FancyVerbLineTemp=\count303
\c@minted@pygmentizecounter=\count304
Package newfloat Info: New float `listing' with options `fileext=lol,placement=
tbp' on input line 1208.
\c@listing=\count305
Package newfloat Info: float type `listing'=4 on input line 1208.
\c@loldepth=\count306
Package tocbasic Info: omitting babel extension for `lol'
(tocbasic)             because of missing \bbl@set@language on input line 1208.

)

! Package minted Error: You must invoke LaTeX with the -shell-escape flag.

See the minted package documentation for explanation.
Type  H <return>  for immediate help.
 ...                                              
                                                  
l.20 \setminted
               {
Pass the -shell-escape flag to LaTeX. Refer to the minted.sty documentation for
 more information.

(/usr/share/texlive/texmf-dist/tex/generic/ulem/ulem.sty
\UL@box=\box64
\UL@hyphenbox=\box65
\UL@skip=\skip111
\UL@hook=\toks22
\UL@height=\dimen183
\UL@pe=\count307
\UL@pixel=\dimen184
\ULC@box=\box66
Package: ulem 2019/11/18
\ULdepth=\dimen185
)
(/usr/share/texlive/texmf-dist/tex/latex/tools/bm.sty
Package: bm 2022/01/05 v1.2f Bold Symbol Support (DPC/FMi)
\symboldoperators=\mathgroup4
\symboldletters=\mathgroup5
\symboldsymbols=\mathgroup6
Package bm Info: No bold for \OMX/cmex/m/n, using \pmb.
LaTeX Font Info:    Redeclaring math alphabet \mathbf on input line 149.
)
(/usr/share/texlive/texmf-dist/tex/latex/jknapltx/mathrsfs.sty
Package: mathrsfs 1996/01/01 Math RSFS package v1.0 (jk)
\symrsfs=\mathgroup7
)
(/usr/share/texlive/texmf-dist/tex/latex/pdflscape/pdflscape.sty
Package: pdflscape 2022-10-27 v0.13 Display of landscape pages in PDF

(/usr/share/texlive/texmf-dist/tex/latex/pdflscape/pdflscape-nometadata.sty
Package: pdflscape-nometadata 2022-10-28 v0.13 Display of landscape pages in PD
F (HO)

(/usr/share/texlive/texmf-dist/tex/latex/graphics/lscape.sty
Package: lscape 2020/05/28 v3.02 Landscape Pages (DPC)
)
Package pdflscape Info: Auto-detected driver: pdftex on input line 81.
))
(/usr/share/texlive/texmf-dist/tex/latex/geometry/geometry.sty
Package: geometry 2020/01/02 v5.9 Page Geometry

(/usr/share/texlive/texmf-dist/tex/generic/iftex/ifvtex.sty
Package: ifvtex 2019/10/25 v1.7 ifvtex legacy package. Use iftex instead.
)
\Gm@cnth=\count308
\Gm@cntv=\count309
\c@Gm@tempcnt=\count310
\Gm@bindingoffset=\dimen186
\Gm@wd@mp=\dimen187
\Gm@odd@mp=\dimen188
\Gm@even@mp=\dimen189
\Gm@layoutwidth=\dimen190
\Gm@layoutheight=\dimen191
\Gm@layouthoffset=\dimen192
\Gm@layoutvoffset=\dimen193
\Gm@dimlist=\toks23
)
(/usr/share/texlive/texmf-dist/tex/latex/amscls/amsthm.sty
Package: amsthm 2020/05/29 v2.20.6
\thm@style=\toks24
\thm@bodyfont=\toks25
\thm@headfont=\toks26
\thm@notefont=\toks27
\thm@headpunct=\toks28
\thm@preskip=\skip112
\thm@postskip=\skip113
\thm@headsep=\skip114
\dth@everypar=\toks29
)
(/usr/share/texlive/texmf-dist/tex/latex/xpatch/xpatch.sty
(/usr/share/texlive/texmf-dist/tex/latex/l3kernel/expl3.sty
Package: expl3 2023-01-16 L3 programming layer (loader) 

(/usr/share/texlive/texmf-dist/tex/latex/l3backend/l3backend-pdftex.def
File: l3backend-pdftex.def 2023-01-16 L3 backend support: PDF output (pdfTeX)
\l__color_backend_stack_int=\count311
\l__pdf_internal_box=\box67
))
Package: xpatch 2020/03/25 v0.3a Extending etoolbox patching commands

(/usr/share/texlive/texmf-dist/tex/latex/l3packages/xparse/xparse.sty
Package: xparse 2023-01-16 L3 Experimental document command parser
))
Class scrartcl Info: amsthm's \deferred@thm@head patched.

(/usr/share/texlive/texmf-dist/tex/latex/amsfonts/amsfonts.sty
Package: amsfonts 2013/01/14 v3.01 Basic AMSFonts support
\@emptytoks=\toks30
\symAMSa=\mathgroup8
\symAMSb=\mathgroup9
LaTeX Font Info:    Redeclaring math symbol \hbar on input line 98.
LaTeX Font Info:    Overwriting math alphabet `\mathfrak' in version `bold'
(Font)                  U/euf/m/n --> U/euf/b/n on input line 106.
)
(/usr/share/texlive/texmf-dist/tex/latex/amsmath/amsmath.sty
Package: amsmath 2022/04/08 v2.17n AMS math features
\@mathmargin=\skip115

For additional information on amsmath, use the `?' option.
(/usr/share/texlive/texmf-dist/tex/latex/amsmath/amstext.sty
Package: amstext 2021/08/26 v2.01 AMS text

(/usr/share/texlive/texmf-dist/tex/latex/amsmath/amsgen.sty
File: amsgen.sty 1999/11/30 v2.0 generic functions
\@emptytoks=\toks31
\ex@=\dimen194
))
(/usr/share/texlive/texmf-dist/tex/latex/amsmath/amsbsy.sty
Package: amsbsy 1999/11/29 v1.2d Bold Symbols
LaTeX Info: Redefining \boldsymbol on input line 28.
\pmbraise@=\dimen195
)
(/usr/share/texlive/texmf-dist/tex/latex/amsmath/amsopn.sty
Package: amsopn 2022/04/08 v2.04 operator names
)
\inf@bad=\count312
LaTeX Info: Redefining \frac on input line 234.
\uproot@=\count313
\leftroot@=\count314
LaTeX Info: Redefining \overline on input line 399.
LaTeX Info: Redefining \colon on input line 410.
\classnum@=\count315
\DOTSCASE@=\count316
LaTeX Info: Redefining \ldots on input line 496.
LaTeX Info: Redefining \dots on input line 499.
LaTeX Info: Redefining \cdots on input line 620.
\Mathstrutbox@=\box68
\strutbox@=\box69
LaTeX Info: Redefining \big on input line 722.
LaTeX Info: Redefining \Big on input line 723.
LaTeX Info: Redefining \bigg on input line 724.
LaTeX Info: Redefining \Bigg on input line 725.
\big@size=\dimen196
LaTeX Font Info:    Redeclaring font encoding OML on input line 743.
LaTeX Font Info:    Redeclaring font encoding OMS on input line 744.
\macc@depth=\count317
LaTeX Info: Redefining \bmod on input line 905.
LaTeX Info: Redefining \pmod on input line 910.
LaTeX Info: Redefining \smash on input line 940.
LaTeX Info: Redefining \relbar on input line 970.
LaTeX Info: Redefining \Relbar on input line 971.
\c@MaxMatrixCols=\count318
\dotsspace@=\muskip16
\c@parentequation=\count319
\dspbrk@lvl=\count320
\tag@help=\toks32
\row@=\count321
\column@=\count322
\maxfields@=\count323
\andhelp@=\toks33
\eqnshift@=\dimen197
\alignsep@=\dimen198
\tagshift@=\dimen199
\tagwidth@=\dimen256
\totwidth@=\dimen257
\lineht@=\dimen258
\@envbody=\toks34
\multlinegap=\skip116
\multlinetaggap=\skip117
\mathdisplay@stack=\toks35
LaTeX Info: Redefining \[ on input line 2953.
LaTeX Info: Redefining \] on input line 2954.
)
\linenoamsmath@ams@eqpen=\count324

(/usr/share/texlive/texmf-dist/tex/latex/amsfonts/amssymb.sty
Package: amssymb 2013/01/14 v3.01 AMS font symbols
)
(/usr/share/texlive/texmf-dist/tex/latex/amsmath/amscd.sty
Package: amscd 2017/04/14 v2.1 AMS Commutative Diagrams
\athelp@=\toks36
\minaw@=\dimen259
\bigaw@=\dimen260
\minCDarrowwidth=\dimen261
)
(/usr/share/texlive/texmf-dist/tex/latex/mathtools/mathtools.sty
Package: mathtools 2022/06/29 v1.29 mathematical typesetting tools

(/usr/share/texlive/texmf-dist/tex/latex/mathtools/mhsetup.sty
Package: mhsetup 2021/03/18 v1.4 programming setup (MH)
)
\g_MT_multlinerow_int=\count325
\l_MT_multwidth_dim=\dimen262
\origjot=\skip118
\l_MT_shortvdotswithinadjustabove_dim=\dimen263
\l_MT_shortvdotswithinadjustbelow_dim=\dimen264
\l_MT_above_intertext_sep=\dimen265
\l_MT_below_intertext_sep=\dimen266
\l_MT_above_shortintertext_sep=\dimen267
\l_MT_below_shortintertext_sep=\dimen268
\xmathstrut@box=\box70
\xmathstrut@dim=\dimen269
)
(/usr/share/texlive/texmf-dist/tex/latex/footmisc/footmisc.sty
Package: footmisc 2022/03/08 v6.0d a miscellany of footnote facilities
\FN@temptoken=\toks37
\footnotemargin=\dimen270
\@outputbox@depth=\dimen271

(/usr/share/texlive/texmf-dist/tex/latex/bigfoot/perpage.sty
Package: perpage 2014/10/25 2.0 Reset/sort counters per page
\c@abspage=\count326
)
\c@pp@a@footnote=\count327
Package footmisc Info: Declaring symbol style bringhurst on input line 695.
Package footmisc Info: Declaring symbol style chicago on input line 703.
Package footmisc Info: Declaring symbol style wiley on input line 712.
Package footmisc Info: Declaring symbol style lamport-robust on input line 723.

Package footmisc Info: Declaring symbol style lamport* on input line 743.
Package footmisc Info: Declaring symbol style lamport*-robust on input line 764
.
)
(/usr/share/texlive/texmf-dist/tex/latex/tempora/tempora.sty
Package: tempora 2016/02/02 (msharpe) Style file for Tempora.

(/usr/share/texlive/texmf-dist/tex/latex/base/fontenc.sty
Package: fontenc 2021/04/29 v2.0v Standard LaTeX package

(/usr/share/texlive/texmf-dist/tex/latex/cyrillic/ot2enc.def
File: ot2enc.def 2022/06/11 v3.3b Cyrillic encoding definition file
Now handling font encoding OT2 ...
... processing UTF-8 mapping file for font encoding OT2

(/usr/share/texlive/texmf-dist/tex/latex/base/ot2enc.dfu
File: ot2enc.dfu 2022/06/07 v1.3c UTF-8 support
   defining Unicode char U+00AB (decimal 171)
   defining Unicode char U+00BB (decimal 187)
   defining Unicode char U+0131 (decimal 305)
   defining Unicode char U+0237 (decimal 567)
   defining Unicode char U+0400 (decimal 1024)
   defining Unicode char U+0401 (decimal 1025)
   defining Unicode char U+0402 (decimal 1026)
   defining Unicode char U+0403 (decimal 1027)
   defining Unicode char U+0404 (decimal 1028)
   defining Unicode char U+0405 (decimal 1029)
   defining Unicode char U+0406 (decimal 1030)
   defining Unicode char U+0408 (decimal 1032)
   defining Unicode char U+0409 (decimal 1033)
   defining Unicode char U+040A (decimal 1034)
   defining Unicode char U+040B (decimal 1035)
   defining Unicode char U+040C (decimal 1036)
   defining Unicode char U+040D (decimal 1037)
   defining Unicode char U+040F (decimal 1039)
   defining Unicode char U+0410 (decimal 1040)
   defining Unicode char U+0411 (decimal 1041)
   defining Unicode char U+0412 (decimal 1042)
   defining Unicode char U+0413 (decimal 1043)
   defining Unicode char U+0414 (decimal 1044)
   defining Unicode char U+0415 (decimal 1045)
   defining Unicode char U+0416 (decimal 1046)
   defining Unicode char U+0417 (decimal 1047)
   defining Unicode char U+0418 (decimal 1048)
   defining Unicode char U+0419 (decimal 1049)
   defining Unicode char U+041A (decimal 1050)
   defining Unicode char U+041B (decimal 1051)
   defining Unicode char U+041C (decimal 1052)
   defining Unicode char U+041D (decimal 1053)
   defining Unicode char U+041E (decimal 1054)
   defining Unicode char U+041F (decimal 1055)
   defining Unicode char U+0420 (decimal 1056)
   defining Unicode char U+0421 (decimal 1057)
   defining Unicode char U+0422 (decimal 1058)
   defining Unicode char U+0423 (decimal 1059)
   defining Unicode char U+0424 (decimal 1060)
   defining Unicode char U+0425 (decimal 1061)
   defining Unicode char U+0426 (decimal 1062)
   defining Unicode char U+0427 (decimal 1063)
   defining Unicode char U+0428 (decimal 1064)
   defining Unicode char U+0429 (decimal 1065)
   defining Unicode char U+042A (decimal 1066)
   defining Unicode char U+042B (decimal 1067)
   defining Unicode char U+042C (decimal 1068)
   defining Unicode char U+042D (decimal 1069)
   defining Unicode char U+042E (decimal 1070)
   defining Unicode char U+042F (decimal 1071)
   defining Unicode char U+0430 (decimal 1072)
   defining Unicode char U+0431 (decimal 1073)
   defining Unicode char U+0432 (decimal 1074)
   defining Unicode char U+0433 (decimal 1075)
   defining Unicode char U+0434 (decimal 1076)
   defining Unicode char U+0435 (decimal 1077)
   defining Unicode char U+0436 (decimal 1078)
   defining Unicode char U+0437 (decimal 1079)
   defining Unicode char U+0438 (decimal 1080)
   defining Unicode char U+0439 (decimal 1081)
   defining Unicode char U+043A (decimal 1082)
   defining Unicode char U+043B (decimal 1083)
   defining Unicode char U+043C (decimal 1084)
   defining Unicode char U+043D (decimal 1085)
   defining Unicode char U+043E (decimal 1086)
   defining Unicode char U+043F (decimal 1087)
   defining Unicode char U+0440 (decimal 1088)
   defining Unicode char U+0441 (decimal 1089)
   defining Unicode char U+0442 (decimal 1090)
   defining Unicode char U+0443 (decimal 1091)
   defining Unicode char U+0444 (decimal 1092)
   defining Unicode char U+0445 (decimal 1093)
   defining Unicode char U+0446 (decimal 1094)
   defining Unicode char U+0447 (decimal 1095)
   defining Unicode char U+0448 (decimal 1096)
   defining Unicode char U+0449 (decimal 1097)
   defining Unicode char U+044A (decimal 1098)
   defining Unicode char U+044B (decimal 1099)
   defining Unicode char U+044C (decimal 1100)
   defining Unicode char U+044D (decimal 1101)
   defining Unicode char U+044E (decimal 1102)
   defining Unicode char U+044F (decimal 1103)
   defining Unicode char U+0450 (decimal 1104)
   defining Unicode char U+0451 (decimal 1105)
   defining Unicode char U+0452 (decimal 1106)
   defining Unicode char U+0453 (decimal 1107)
   defining Unicode char U+0454 (decimal 1108)
   defining Unicode char U+0455 (decimal 1109)
   defining Unicode char U+0456 (decimal 1110)
   defining Unicode char U+0458 (decimal 1112)
   defining Unicode char U+0459 (decimal 1113)
   defining Unicode char U+045A (decimal 1114)
   defining Unicode char U+045B (decimal 1115)
   defining Unicode char U+045C (decimal 1116)
   defining Unicode char U+045D (decimal 1117)
   defining Unicode char U+045F (decimal 1119)
   defining Unicode char U+0462 (decimal 1122)
   defining Unicode char U+0463 (decimal 1123)
   defining Unicode char U+0472 (decimal 1138)
   defining Unicode char U+0473 (decimal 1139)
   defining Unicode char U+0474 (decimal 1140)
   defining Unicode char U+0475 (decimal 1141)
   defining Unicode char U+04C1 (decimal 1217)
   defining Unicode char U+04C2 (decimal 1218)
   defining Unicode char U+04D0 (decimal 1232)
   defining Unicode char U+04D1 (decimal 1233)
   defining Unicode char U+04D2 (decimal 1234)
   defining Unicode char U+04D3 (decimal 1235)
   defining Unicode char U+04D6 (decimal 1238)
   defining Unicode char U+04D7 (decimal 1239)
   defining Unicode char U+04DC (decimal 1244)
   defining Unicode char U+04DD (decimal 1245)
   defining Unicode char U+04DE (decimal 1246)
   defining Unicode char U+04DF (decimal 1247)
   defining Unicode char U+04E2 (decimal 1250)
   defining Unicode char U+04E3 (decimal 1251)
   defining Unicode char U+04E4 (decimal 1252)
   defining Unicode char U+04E5 (decimal 1253)
   defining Unicode char U+04E6 (decimal 1254)
   defining Unicode char U+04E7 (decimal 1255)
   defining Unicode char U+04EC (decimal 1260)
   defining Unicode char U+04ED (decimal 1261)
   defining Unicode char U+04EE (decimal 1262)
   defining Unicode char U+04EF (decimal 1263)
   defining Unicode char U+04F0 (decimal 1264)
   defining Unicode char U+04F1 (decimal 1265)
   defining Unicode char U+04F2 (decimal 1266)
   defining Unicode char U+04F3 (decimal 1267)
   defining Unicode char U+04F4 (decimal 1268)
   defining Unicode char U+04F5 (decimal 1269)
   defining Unicode char U+04F8 (decimal 1272)
   defining Unicode char U+04F9 (decimal 1273)
   defining Unicode char U+2013 (decimal 8211)
   defining Unicode char U+2014 (decimal 8212)
   defining Unicode char U+2018 (decimal 8216)
   defining Unicode char U+2019 (decimal 8217)
   defining Unicode char U+201C (decimal 8220)
   defining Unicode char U+201D (decimal 8221)
   defining Unicode char U+2116 (decimal 8470)
))
(/usr/share/texlive/texmf-dist/tex/latex/cyrillic/t2cenc.def
File: t2cenc.def 2022/06/11 v1.0j Cyrillic encoding definition file
Now handling font encoding T2C ...
... processing UTF-8 mapping file for font encoding T2C

(/usr/share/texlive/texmf-dist/tex/latex/base/t2cenc.dfu
File: t2cenc.dfu 2022/06/07 v1.3c UTF-8 support
   defining Unicode char U+00A4 (decimal 164)
   defining Unicode char U+00A7 (decimal 167)
   defining Unicode char U+00AB (decimal 171)
   defining Unicode char U+00BB (decimal 187)
   defining Unicode char U+0131 (decimal 305)
   defining Unicode char U+0237 (decimal 567)
   defining Unicode char U+0400 (decimal 1024)
   defining Unicode char U+0401 (decimal 1025)
   defining Unicode char U+0403 (decimal 1027)
   defining Unicode char U+0405 (decimal 1029)
   defining Unicode char U+0406 (decimal 1030)
   defining Unicode char U+0408 (decimal 1032)
   defining Unicode char U+040C (decimal 1036)
   defining Unicode char U+040D (decimal 1037)
   defining Unicode char U+040F (decimal 1039)
   defining Unicode char U+0410 (decimal 1040)
   defining Unicode char U+0411 (decimal 1041)
   defining Unicode char U+0412 (decimal 1042)
   defining Unicode char U+0413 (decimal 1043)
   defining Unicode char U+0414 (decimal 1044)
   defining Unicode char U+0415 (decimal 1045)
   defining Unicode char U+0416 (decimal 1046)
   defining Unicode char U+0417 (decimal 1047)
   defining Unicode char U+0418 (decimal 1048)
   defining Unicode char U+0419 (decimal 1049)
   defining Unicode char U+041A (decimal 1050)
   defining Unicode char U+041B (decimal 1051)
   defining Unicode char U+041C (decimal 1052)
   defining Unicode char U+041D (decimal 1053)
   defining Unicode char U+041E (decimal 1054)
   defining Unicode char U+041F (decimal 1055)
   defining Unicode char U+0420 (decimal 1056)
   defining Unicode char U+0421 (decimal 1057)
   defining Unicode char U+0422 (decimal 1058)
   defining Unicode char U+0423 (decimal 1059)
   defining Unicode char U+0424 (decimal 1060)
   defining Unicode char U+0425 (decimal 1061)
   defining Unicode char U+0426 (decimal 1062)
   defining Unicode char U+0427 (decimal 1063)
   defining Unicode char U+0428 (decimal 1064)
   defining Unicode char U+0429 (decimal 1065)
   defining Unicode char U+042A (decimal 1066)
   defining Unicode char U+042B (decimal 1067)
   defining Unicode char U+042C (decimal 1068)
   defining Unicode char U+042D (decimal 1069)
   defining Unicode char U+042E (decimal 1070)
   defining Unicode char U+042F (decimal 1071)
   defining Unicode char U+0430 (decimal 1072)
   defining Unicode char U+0431 (decimal 1073)
   defining Unicode char U+0432 (decimal 1074)
   defining Unicode char U+0433 (decimal 1075)
   defining Unicode char U+0434 (decimal 1076)
   defining Unicode char U+0435 (decimal 1077)
   defining Unicode char U+0436 (decimal 1078)
   defining Unicode char U+0437 (decimal 1079)
   defining Unicode char U+0438 (decimal 1080)
   defining Unicode char U+0439 (decimal 1081)
   defining Unicode char U+043A (decimal 1082)
   defining Unicode char U+043B (decimal 1083)
   defining Unicode char U+043C (decimal 1084)
   defining Unicode char U+043D (decimal 1085)
   defining Unicode char U+043E (decimal 1086)
   defining Unicode char U+043F (decimal 1087)
   defining Unicode char U+0440 (decimal 1088)
   defining Unicode char U+0441 (decimal 1089)
   defining Unicode char U+0442 (decimal 1090)
   defining Unicode char U+0443 (decimal 1091)
   defining Unicode char U+0444 (decimal 1092)
   defining Unicode char U+0445 (decimal 1093)
   defining Unicode char U+0446 (decimal 1094)
   defining Unicode char U+0447 (decimal 1095)
   defining Unicode char U+0448 (decimal 1096)
   defining Unicode char U+0449 (decimal 1097)
   defining Unicode char U+044A (decimal 1098)
   defining Unicode char U+044B (decimal 1099)
   defining Unicode char U+044C (decimal 1100)
   defining Unicode char U+044D (decimal 1101)
   defining Unicode char U+044E (decimal 1102)
   defining Unicode char U+044F (decimal 1103)
   defining Unicode char U+0450 (decimal 1104)
   defining Unicode char U+0451 (decimal 1105)
   defining Unicode char U+0453 (decimal 1107)
   defining Unicode char U+0455 (decimal 1109)
   defining Unicode char U+0456 (decimal 1110)
   defining Unicode char U+0458 (decimal 1112)
   defining Unicode char U+045C (decimal 1116)
   defining Unicode char U+045D (decimal 1117)
   defining Unicode char U+045F (decimal 1119)
   defining Unicode char U+048C (decimal 1164)
   defining Unicode char U+048D (decimal 1165)
   defining Unicode char U+048E (decimal 1166)
   defining Unicode char U+048F (decimal 1167)
   defining Unicode char U+0494 (decimal 1172)
   defining Unicode char U+0495 (decimal 1173)
   defining Unicode char U+049A (decimal 1178)
   defining Unicode char U+049B (decimal 1179)
   defining Unicode char U+049E (decimal 1182)
   defining Unicode char U+049F (decimal 1183)
   defining Unicode char U+04A2 (decimal 1186)
   defining Unicode char U+04A3 (decimal 1187)
   defining Unicode char U+04A6 (decimal 1190)
   defining Unicode char U+04A7 (decimal 1191)
   defining Unicode char U+04A8 (decimal 1192)
   defining Unicode char U+04A9 (decimal 1193)
   defining Unicode char U+04AC (decimal 1196)
   defining Unicode char U+04AD (decimal 1197)
   defining Unicode char U+04B2 (decimal 1202)
   defining Unicode char U+04B3 (decimal 1203)
   defining Unicode char U+04B4 (decimal 1204)
   defining Unicode char U+04B5 (decimal 1205)
   defining Unicode char U+04B6 (decimal 1206)
   defining Unicode char U+04B7 (decimal 1207)
   defining Unicode char U+04BA (decimal 1210)
   defining Unicode char U+04BB (decimal 1211)
   defining Unicode char U+04BC (decimal 1212)
   defining Unicode char U+04BD (decimal 1213)
   defining Unicode char U+04BE (decimal 1214)
   defining Unicode char U+04BF (decimal 1215)
   defining Unicode char U+04C0 (decimal 1216)
   defining Unicode char U+04C1 (decimal 1217)
   defining Unicode char U+04C2 (decimal 1218)
   defining Unicode char U+04C5 (decimal 1221)
   defining Unicode char U+04C6 (decimal 1222)
   defining Unicode char U+04C7 (decimal 1223)
   defining Unicode char U+04C8 (decimal 1224)
   defining Unicode char U+04CD (decimal 1229)
   defining Unicode char U+04CE (decimal 1230)
   defining Unicode char U+04D0 (decimal 1232)
   defining Unicode char U+04D1 (decimal 1233)
   defining Unicode char U+04D2 (decimal 1234)
   defining Unicode char U+04D3 (decimal 1235)
   defining Unicode char U+04D6 (decimal 1238)
   defining Unicode char U+04D7 (decimal 1239)
   defining Unicode char U+04D8 (decimal 1240)
   defining Unicode char U+04D9 (decimal 1241)
   defining Unicode char U+04DA (decimal 1242)
   defining Unicode char U+04DB (decimal 1243)
   defining Unicode char U+04DC (decimal 1244)
   defining Unicode char U+04DD (decimal 1245)
   defining Unicode char U+04DE (decimal 1246)
   defining Unicode char U+04DF (decimal 1247)
   defining Unicode char U+04E0 (decimal 1248)
   defining Unicode char U+04E1 (decimal 1249)
   defining Unicode char U+04E2 (decimal 1250)
   defining Unicode char U+04E3 (decimal 1251)
   defining Unicode char U+04E4 (decimal 1252)
   defining Unicode char U+04E5 (decimal 1253)
   defining Unicode char U+04E6 (decimal 1254)
   defining Unicode char U+04E7 (decimal 1255)
   defining Unicode char U+04E8 (decimal 1256)
   defining Unicode char U+04E9 (decimal 1257)
   defining Unicode char U+04EC (decimal 1260)
   defining Unicode char U+04ED (decimal 1261)
   defining Unicode char U+04EE (decimal 1262)
   defining Unicode char U+04EF (decimal 1263)
   defining Unicode char U+04F0 (decimal 1264)
   defining Unicode char U+04F1 (decimal 1265)
   defining Unicode char U+04F2 (decimal 1266)
   defining Unicode char U+04F3 (decimal 1267)
   defining Unicode char U+04F4 (decimal 1268)
   defining Unicode char U+04F5 (decimal 1269)
   defining Unicode char U+04F8 (decimal 1272)
   defining Unicode char U+04F9 (decimal 1273)
   defining Unicode char U+200C (decimal 8204)
   defining Unicode char U+2013 (decimal 8211)
   defining Unicode char U+2014 (decimal 8212)
   defining Unicode char U+2018 (decimal 8216)
   defining Unicode char U+2019 (decimal 8217)
   defining Unicode char U+201C (decimal 8220)
   defining Unicode char U+201D (decimal 8221)
   defining Unicode char U+201E (decimal 8222)
   defining Unicode char U+2030 (decimal 8240)
   defining Unicode char U+2031 (decimal 8241)
   defining Unicode char U+2116 (decimal 8470)
   defining Unicode char U+2329 (decimal 9001)
   defining Unicode char U+3008 (decimal 12296)
   defining Unicode char U+232A (decimal 9002)
   defining Unicode char U+3009 (decimal 12297)
   defining Unicode char U+2423 (decimal 9251)
   defining Unicode char U+27E8 (decimal 10216)
   defining Unicode char U+27E9 (decimal 10217)
   defining Unicode char U+FB00 (decimal 64256)
   defining Unicode char U+FB01 (decimal 64257)
   defining Unicode char U+FB02 (decimal 64258)
   defining Unicode char U+FB03 (decimal 64259)
   defining Unicode char U+FB04 (decimal 64260)
   defining Unicode char U+FB05 (decimal 64261)
   defining Unicode char U+FB06 (decimal 64262)
))
(/usr/share/texlive/texmf-dist/tex/latex/cyrillic/t2benc.def
File: t2benc.def 2022/06/11 v1.0j Cyrillic encoding definition file
Now handling font encoding T2B ...
... processing UTF-8 mapping file for font encoding T2B

(/usr/share/texlive/texmf-dist/tex/latex/base/t2benc.dfu
File: t2benc.dfu 2022/06/07 v1.3c UTF-8 support
   defining Unicode char U+00A4 (decimal 164)
   defining Unicode char U+00A7 (decimal 167)
   defining Unicode char U+00AB (decimal 171)
   defining Unicode char U+00BB (decimal 187)
   defining Unicode char U+0131 (decimal 305)
   defining Unicode char U+0237 (decimal 567)
   defining Unicode char U+0400 (decimal 1024)
   defining Unicode char U+0401 (decimal 1025)
   defining Unicode char U+0403 (decimal 1027)
   defining Unicode char U+0405 (decimal 1029)
   defining Unicode char U+0406 (decimal 1030)
   defining Unicode char U+0408 (decimal 1032)
   defining Unicode char U+0409 (decimal 1033)
   defining Unicode char U+040A (decimal 1034)
   defining Unicode char U+040C (decimal 1036)
   defining Unicode char U+040D (decimal 1037)
   defining Unicode char U+040E (decimal 1038)
   defining Unicode char U+0410 (decimal 1040)
   defining Unicode char U+0411 (decimal 1041)
   defining Unicode char U+0412 (decimal 1042)
   defining Unicode char U+0413 (decimal 1043)
   defining Unicode char U+0414 (decimal 1044)
   defining Unicode char U+0415 (decimal 1045)
   defining Unicode char U+0416 (decimal 1046)
   defining Unicode char U+0417 (decimal 1047)
   defining Unicode char U+0418 (decimal 1048)
   defining Unicode char U+0419 (decimal 1049)
   defining Unicode char U+041A (decimal 1050)
   defining Unicode char U+041B (decimal 1051)
   defining Unicode char U+041C (decimal 1052)
   defining Unicode char U+041D (decimal 1053)
   defining Unicode char U+041E (decimal 1054)
   defining Unicode char U+041F (decimal 1055)
   defining Unicode char U+0420 (decimal 1056)
   defining Unicode char U+0421 (decimal 1057)
   defining Unicode char U+0422 (decimal 1058)
   defining Unicode char U+0423 (decimal 1059)
   defining Unicode char U+0424 (decimal 1060)
   defining Unicode char U+0425 (decimal 1061)
   defining Unicode char U+0426 (decimal 1062)
   defining Unicode char U+0427 (decimal 1063)
   defining Unicode char U+0428 (decimal 1064)
   defining Unicode char U+0429 (decimal 1065)
   defining Unicode char U+042A (decimal 1066)
   defining Unicode char U+042B (decimal 1067)
   defining Unicode char U+042C (decimal 1068)
   defining Unicode char U+042D (decimal 1069)
   defining Unicode char U+042E (decimal 1070)
   defining Unicode char U+042F (decimal 1071)
   defining Unicode char U+0430 (decimal 1072)
   defining Unicode char U+0431 (decimal 1073)
   defining Unicode char U+0432 (decimal 1074)
   defining Unicode char U+0433 (decimal 1075)
   defining Unicode char U+0434 (decimal 1076)
   defining Unicode char U+0435 (decimal 1077)
   defining Unicode char U+0436 (decimal 1078)
   defining Unicode char U+0437 (decimal 1079)
   defining Unicode char U+0438 (decimal 1080)
   defining Unicode char U+0439 (decimal 1081)
   defining Unicode char U+043A (decimal 1082)
   defining Unicode char U+043B (decimal 1083)
   defining Unicode char U+043C (decimal 1084)
   defining Unicode char U+043D (decimal 1085)
   defining Unicode char U+043E (decimal 1086)
   defining Unicode char U+043F (decimal 1087)
   defining Unicode char U+0440 (decimal 1088)
   defining Unicode char U+0441 (decimal 1089)
   defining Unicode char U+0442 (decimal 1090)
   defining Unicode char U+0443 (decimal 1091)
   defining Unicode char U+0444 (decimal 1092)
   defining Unicode char U+0445 (decimal 1093)
   defining Unicode char U+0446 (decimal 1094)
   defining Unicode char U+0447 (decimal 1095)
   defining Unicode char U+0448 (decimal 1096)
   defining Unicode char U+0449 (decimal 1097)
   defining Unicode char U+044A (decimal 1098)
   defining Unicode char U+044B (decimal 1099)
   defining Unicode char U+044C (decimal 1100)
   defining Unicode char U+044D (decimal 1101)
   defining Unicode char U+044E (decimal 1102)
   defining Unicode char U+044F (decimal 1103)
   defining Unicode char U+0450 (decimal 1104)
   defining Unicode char U+0451 (decimal 1105)
   defining Unicode char U+0453 (decimal 1107)
   defining Unicode char U+0455 (decimal 1109)
   defining Unicode char U+0456 (decimal 1110)
   defining Unicode char U+0458 (decimal 1112)
   defining Unicode char U+0459 (decimal 1113)
   defining Unicode char U+045A (decimal 1114)
   defining Unicode char U+045C (decimal 1116)
   defining Unicode char U+045D (decimal 1117)
   defining Unicode char U+045E (decimal 1118)
   defining Unicode char U+0492 (decimal 1170)
   defining Unicode char U+0493 (decimal 1171)
   defining Unicode char U+0494 (decimal 1172)
   defining Unicode char U+0495 (decimal 1173)
   defining Unicode char U+0496 (decimal 1174)
   defining Unicode char U+0497 (decimal 1175)
   defining Unicode char U+049A (decimal 1178)
   defining Unicode char U+049B (decimal 1179)
   defining Unicode char U+04A2 (decimal 1186)
   defining Unicode char U+04A3 (decimal 1187)
   defining Unicode char U+04A4 (decimal 1188)
   defining Unicode char U+04A5 (decimal 1189)
   defining Unicode char U+04AE (decimal 1198)
   defining Unicode char U+04AF (decimal 1199)
   defining Unicode char U+04B2 (decimal 1202)
   defining Unicode char U+04B3 (decimal 1203)
   defining Unicode char U+04B6 (decimal 1206)
   defining Unicode char U+04B7 (decimal 1207)
   defining Unicode char U+04BA (decimal 1210)
   defining Unicode char U+04BB (decimal 1211)
   defining Unicode char U+04C0 (decimal 1216)
   defining Unicode char U+04C1 (decimal 1217)
   defining Unicode char U+04C2 (decimal 1218)
   defining Unicode char U+04C3 (decimal 1219)
   defining Unicode char U+04C4 (decimal 1220)
   defining Unicode char U+04C5 (decimal 1221)
   defining Unicode char U+04C6 (decimal 1222)
   defining Unicode char U+04C7 (decimal 1223)
   defining Unicode char U+04C8 (decimal 1224)
   defining Unicode char U+04CB (decimal 1227)
   defining Unicode char U+04CC (decimal 1228)
   defining Unicode char U+04D0 (decimal 1232)
   defining Unicode char U+04D1 (decimal 1233)
   defining Unicode char U+04D2 (decimal 1234)
   defining Unicode char U+04D3 (decimal 1235)
   defining Unicode char U+04D6 (decimal 1238)
   defining Unicode char U+04D7 (decimal 1239)
   defining Unicode char U+04D8 (decimal 1240)
   defining Unicode char U+04D9 (decimal 1241)
   defining Unicode char U+04DA (decimal 1242)
   defining Unicode char U+04DB (decimal 1243)
   defining Unicode char U+04DC (decimal 1244)
   defining Unicode char U+04DD (decimal 1245)
   defining Unicode char U+04DE (decimal 1246)
   defining Unicode char U+04DF (decimal 1247)
   defining Unicode char U+04E0 (decimal 1248)
   defining Unicode char U+04E1 (decimal 1249)
   defining Unicode char U+04E2 (decimal 1250)
   defining Unicode char U+04E3 (decimal 1251)
   defining Unicode char U+04E4 (decimal 1252)
   defining Unicode char U+04E5 (decimal 1253)
   defining Unicode char U+04E6 (decimal 1254)
   defining Unicode char U+04E7 (decimal 1255)
   defining Unicode char U+04E8 (decimal 1256)
   defining Unicode char U+04E9 (decimal 1257)
   defining Unicode char U+04EC (decimal 1260)
   defining Unicode char U+04ED (decimal 1261)
   defining Unicode char U+04EE (decimal 1262)
   defining Unicode char U+04EF (decimal 1263)
   defining Unicode char U+04F0 (decimal 1264)
   defining Unicode char U+04F1 (decimal 1265)
   defining Unicode char U+04F2 (decimal 1266)
   defining Unicode char U+04F3 (decimal 1267)
   defining Unicode char U+04F4 (decimal 1268)
   defining Unicode char U+04F5 (decimal 1269)
   defining Unicode char U+04F6 (decimal 1270)
   defining Unicode char U+04F7 (decimal 1271)
   defining Unicode char U+04F8 (decimal 1272)
   defining Unicode char U+04F9 (decimal 1273)
   defining Unicode char U+04FA (decimal 1274)
   defining Unicode char U+04FB (decimal 1275)
   defining Unicode char U+04FC (decimal 1276)
   defining Unicode char U+04FD (decimal 1277)
   defining Unicode char U+04FE (decimal 1278)
   defining Unicode char U+04FF (decimal 1279)
   defining Unicode char U+200C (decimal 8204)
   defining Unicode char U+2013 (decimal 8211)
   defining Unicode char U+2014 (decimal 8212)
   defining Unicode char U+2018 (decimal 8216)
   defining Unicode char U+2019 (decimal 8217)
   defining Unicode char U+201C (decimal 8220)
   defining Unicode char U+201D (decimal 8221)
   defining Unicode char U+201E (decimal 8222)
   defining Unicode char U+2030 (decimal 8240)
   defining Unicode char U+2031 (decimal 8241)
   defining Unicode char U+2116 (decimal 8470)
   defining Unicode char U+2329 (decimal 9001)
   defining Unicode char U+3008 (decimal 12296)
   defining Unicode char U+232A (decimal 9002)
   defining Unicode char U+3009 (decimal 12297)
   defining Unicode char U+2423 (decimal 9251)
   defining Unicode char U+27E8 (decimal 10216)
   defining Unicode char U+27E9 (decimal 10217)
   defining Unicode char U+FB00 (decimal 64256)
   defining Unicode char U+FB01 (decimal 64257)
   defining Unicode char U+FB02 (decimal 64258)
   defining Unicode char U+FB03 (decimal 64259)
   defining Unicode char U+FB04 (decimal 64260)
   defining Unicode char U+FB05 (decimal 64261)
   defining Unicode char U+FB06 (decimal 64262)
))
(/usr/share/texlive/texmf-dist/tex/latex/cyrillic/t2aenc.def
File: t2aenc.def 2022/06/11 v1.0j Cyrillic encoding definition file
Now handling font encoding T2A ...
... processing UTF-8 mapping file for font encoding T2A

(/usr/share/texlive/texmf-dist/tex/latex/base/t2aenc.dfu
File: t2aenc.dfu 2022/06/07 v1.3c UTF-8 support
   defining Unicode char U+00A4 (decimal 164)
   defining Unicode char U+00A7 (decimal 167)
   defining Unicode char U+00AB (decimal 171)
   defining Unicode char U+00BB (decimal 187)
   defining Unicode char U+0131 (decimal 305)
   defining Unicode char U+0237 (decimal 567)
   defining Unicode char U+0400 (decimal 1024)
   defining Unicode char U+0401 (decimal 1025)
   defining Unicode char U+0402 (decimal 1026)
   defining Unicode char U+0403 (decimal 1027)
   defining Unicode char U+0404 (decimal 1028)
   defining Unicode char U+0405 (decimal 1029)
   defining Unicode char U+0406 (decimal 1030)
   defining Unicode char U+0407 (decimal 1031)
   defining Unicode char U+0408 (decimal 1032)
   defining Unicode char U+0409 (decimal 1033)
   defining Unicode char U+040A (decimal 1034)
   defining Unicode char U+040B (decimal 1035)
   defining Unicode char U+040C (decimal 1036)
   defining Unicode char U+040D (decimal 1037)
   defining Unicode char U+040E (decimal 1038)
   defining Unicode char U+040F (decimal 1039)
   defining Unicode char U+0410 (decimal 1040)
   defining Unicode char U+0411 (decimal 1041)
   defining Unicode char U+0412 (decimal 1042)
   defining Unicode char U+0413 (decimal 1043)
   defining Unicode char U+0414 (decimal 1044)
   defining Unicode char U+0415 (decimal 1045)
   defining Unicode char U+0416 (decimal 1046)
   defining Unicode char U+0417 (decimal 1047)
   defining Unicode char U+0418 (decimal 1048)
   defining Unicode char U+0419 (decimal 1049)
   defining Unicode char U+041A (decimal 1050)
   defining Unicode char U+041B (decimal 1051)
   defining Unicode char U+041C (decimal 1052)
   defining Unicode char U+041D (decimal 1053)
   defining Unicode char U+041E (decimal 1054)
   defining Unicode char U+041F (decimal 1055)
   defining Unicode char U+0420 (decimal 1056)
   defining Unicode char U+0421 (decimal 1057)
   defining Unicode char U+0422 (decimal 1058)
   defining Unicode char U+0423 (decimal 1059)
   defining Unicode char U+0424 (decimal 1060)
   defining Unicode char U+0425 (decimal 1061)
   defining Unicode char U+0426 (decimal 1062)
   defining Unicode char U+0427 (decimal 1063)
   defining Unicode char U+0428 (decimal 1064)
   defining Unicode char U+0429 (decimal 1065)
   defining Unicode char U+042A (decimal 1066)
   defining Unicode char U+042B (decimal 1067)
   defining Unicode char U+042C (decimal 1068)
   defining Unicode char U+042D (decimal 1069)
   defining Unicode char U+042E (decimal 1070)
   defining Unicode char U+042F (decimal 1071)
   defining Unicode char U+0430 (decimal 1072)
   defining Unicode char U+0431 (decimal 1073)
   defining Unicode char U+0432 (decimal 1074)
   defining Unicode char U+0433 (decimal 1075)
   defining Unicode char U+0434 (decimal 1076)
   defining Unicode char U+0435 (decimal 1077)
   defining Unicode char U+0436 (decimal 1078)
   defining Unicode char U+0437 (decimal 1079)
   defining Unicode char U+0438 (decimal 1080)
   defining Unicode char U+0439 (decimal 1081)
   defining Unicode char U+043A (decimal 1082)
   defining Unicode char U+043B (decimal 1083)
   defining Unicode char U+043C (decimal 1084)
   defining Unicode char U+043D (decimal 1085)
   defining Unicode char U+043E (decimal 1086)
   defining Unicode char U+043F (decimal 1087)
   defining Unicode char U+0440 (decimal 1088)
   defining Unicode char U+0441 (decimal 1089)
   defining Unicode char U+0442 (decimal 1090)
   defining Unicode char U+0443 (decimal 1091)
   defining Unicode char U+0444 (decimal 1092)
   defining Unicode char U+0445 (decimal 1093)
   defining Unicode char U+0446 (decimal 1094)
   defining Unicode char U+0447 (decimal 1095)
   defining Unicode char U+0448 (decimal 1096)
   defining Unicode char U+0449 (decimal 1097)
   defining Unicode char U+044A (decimal 1098)
   defining Unicode char U+044B (decimal 1099)
   defining Unicode char U+044C (decimal 1100)
   defining Unicode char U+044D (decimal 1101)
   defining Unicode char U+044E (decimal 1102)
   defining Unicode char U+044F (decimal 1103)
   defining Unicode char U+0450 (decimal 1104)
   defining Unicode char U+0451 (decimal 1105)
   defining Unicode char U+0452 (decimal 1106)
   defining Unicode char U+0453 (decimal 1107)
   defining Unicode char U+0454 (decimal 1108)
   defining Unicode char U+0455 (decimal 1109)
   defining Unicode char U+0456 (decimal 1110)
   defining Unicode char U+0457 (decimal 1111)
   defining Unicode char U+0458 (decimal 1112)
   defining Unicode char U+0459 (decimal 1113)
   defining Unicode char U+045A (decimal 1114)
   defining Unicode char U+045B (decimal 1115)
   defining Unicode char U+045C (decimal 1116)
   defining Unicode char U+045D (decimal 1117)
   defining Unicode char U+045E (decimal 1118)
   defining Unicode char U+045F (decimal 1119)
   defining Unicode char U+0490 (decimal 1168)
   defining Unicode char U+0491 (decimal 1169)
   defining Unicode char U+0492 (decimal 1170)
   defining Unicode char U+0493 (decimal 1171)
   defining Unicode char U+0496 (decimal 1174)
   defining Unicode char U+0497 (decimal 1175)
   defining Unicode char U+0498 (decimal 1176)
   defining Unicode char U+0499 (decimal 1177)
   defining Unicode char U+049A (decimal 1178)
   defining Unicode char U+049B (decimal 1179)
   defining Unicode char U+049C (decimal 1180)
   defining Unicode char U+049D (decimal 1181)
   defining Unicode char U+04A0 (decimal 1184)
   defining Unicode char U+04A1 (decimal 1185)
   defining Unicode char U+04A2 (decimal 1186)
   defining Unicode char U+04A3 (decimal 1187)
   defining Unicode char U+04A4 (decimal 1188)
   defining Unicode char U+04A5 (decimal 1189)
   defining Unicode char U+04AA (decimal 1194)
   defining Unicode char U+04AB (decimal 1195)
   defining Unicode char U+04AE (decimal 1198)
   defining Unicode char U+04AF (decimal 1199)
   defining Unicode char U+04B0 (decimal 1200)
   defining Unicode char U+04B1 (decimal 1201)
   defining Unicode char U+04B2 (decimal 1202)
   defining Unicode char U+04B3 (decimal 1203)
   defining Unicode char U+04B6 (decimal 1206)
   defining Unicode char U+04B7 (decimal 1207)
   defining Unicode char U+04B8 (decimal 1208)
   defining Unicode char U+04B9 (decimal 1209)
   defining Unicode char U+04BA (decimal 1210)
   defining Unicode char U+04BB (decimal 1211)
   defining Unicode char U+04C0 (decimal 1216)
   defining Unicode char U+04C1 (decimal 1217)
   defining Unicode char U+04C2 (decimal 1218)
   defining Unicode char U+04D0 (decimal 1232)
   defining Unicode char U+04D1 (decimal 1233)
   defining Unicode char U+04D2 (decimal 1234)
   defining Unicode char U+04D3 (decimal 1235)
   defining Unicode char U+04D4 (decimal 1236)
   defining Unicode char U+04D5 (decimal 1237)
   defining Unicode char U+04D6 (decimal 1238)
   defining Unicode char U+04D7 (decimal 1239)
   defining Unicode char U+04D8 (decimal 1240)
   defining Unicode char U+04D9 (decimal 1241)
   defining Unicode char U+04DA (decimal 1242)
   defining Unicode char U+04DB (decimal 1243)
   defining Unicode char U+04DC (decimal 1244)
   defining Unicode char U+04DD (decimal 1245)
   defining Unicode char U+04DE (decimal 1246)
   defining Unicode char U+04DF (decimal 1247)
   defining Unicode char U+04E2 (decimal 1250)
   defining Unicode char U+04E3 (decimal 1251)
   defining Unicode char U+04E4 (decimal 1252)
   defining Unicode char U+04E5 (decimal 1253)
   defining Unicode char U+04E6 (decimal 1254)
   defining Unicode char U+04E7 (decimal 1255)
   defining Unicode char U+04E8 (decimal 1256)
   defining Unicode char U+04E9 (decimal 1257)
   defining Unicode char U+04EC (decimal 1260)
   defining Unicode char U+04ED (decimal 1261)
   defining Unicode char U+04EE (decimal 1262)
   defining Unicode char U+04EF (decimal 1263)
   defining Unicode char U+04F0 (decimal 1264)
   defining Unicode char U+04F1 (decimal 1265)
   defining Unicode char U+04F2 (decimal 1266)
   defining Unicode char U+04F3 (decimal 1267)
   defining Unicode char U+04F4 (decimal 1268)
   defining Unicode char U+04F5 (decimal 1269)
   defining Unicode char U+04F8 (decimal 1272)
   defining Unicode char U+04F9 (decimal 1273)
   defining Unicode char U+200C (decimal 8204)
   defining Unicode char U+2013 (decimal 8211)
   defining Unicode char U+2014 (decimal 8212)
   defining Unicode char U+2018 (decimal 8216)
   defining Unicode char U+2019 (decimal 8217)
   defining Unicode char U+201C (decimal 8220)
   defining Unicode char U+201D (decimal 8221)
   defining Unicode char U+201E (decimal 8222)
   defining Unicode char U+2030 (decimal 8240)
   defining Unicode char U+2031 (decimal 8241)
   defining Unicode char U+2116 (decimal 8470)
   defining Unicode char U+2329 (decimal 9001)
   defining Unicode char U+3008 (decimal 12296)
   defining Unicode char U+232A (decimal 9002)
   defining Unicode char U+3009 (decimal 12297)
   defining Unicode char U+2423 (decimal 9251)
   defining Unicode char U+27E8 (decimal 10216)
   defining Unicode char U+27E9 (decimal 10217)
   defining Unicode char U+FB00 (decimal 64256)
   defining Unicode char U+FB01 (decimal 64257)
   defining Unicode char U+FB02 (decimal 64258)
   defining Unicode char U+FB03 (decimal 64259)
   defining Unicode char U+FB04 (decimal 64260)
   defining Unicode char U+FB05 (decimal 64261)
   defining Unicode char U+FB06 (decimal 64262)
))
(/usr/share/texlive/texmf-dist/tex/latex/greek-fontenc/lgrenc.def
File: lgrenc.def 2022/06/14 2.1 LGR Greek font encoding definitions
Now handling font encoding LGR ...
... processing UTF-8 mapping file for font encoding LGR

(/usr/share/texlive/texmf-dist/tex/latex/greek-inputenc/lgrenc.dfu
File: lgrenc.dfu 2019/07/11 1.7 UTF-8 support for Greek
   defining Unicode char U+00A8 (decimal 168)
   defining Unicode char U+00AB (decimal 171)
   defining Unicode char U+00AF (decimal 175)
   defining Unicode char U+00B4 (decimal 180)
   defining Unicode char U+00B7 (decimal 183)
   defining Unicode char U+00BB (decimal 187)
   defining Unicode char U+0259 (decimal 601)
   defining Unicode char U+02D8 (decimal 728)
   defining Unicode char U+0374 (decimal 884)
   defining Unicode char U+0375 (decimal 885)
   defining Unicode char U+037A (decimal 890)
   defining Unicode char U+037E (decimal 894)
   defining Unicode char U+0384 (decimal 900)
   defining Unicode char U+0385 (decimal 901)
   defining Unicode char U+0386 (decimal 902)
   defining Unicode char U+0387 (decimal 903)
   defining Unicode char U+0388 (decimal 904)
   defining Unicode char U+0389 (decimal 905)
   defining Unicode char U+038A (decimal 906)
   defining Unicode char U+038C (decimal 908)
   defining Unicode char U+038E (decimal 910)
   defining Unicode char U+038F (decimal 911)
   defining Unicode char U+0390 (decimal 912)
   defining Unicode char U+0391 (decimal 913)
   defining Unicode char U+0392 (decimal 914)
   defining Unicode char U+0393 (decimal 915)
   defining Unicode char U+0394 (decimal 916)
   defining Unicode char U+0395 (decimal 917)
   defining Unicode char U+0396 (decimal 918)
   defining Unicode char U+0397 (decimal 919)
   defining Unicode char U+0398 (decimal 920)
   defining Unicode char U+0399 (decimal 921)
   defining Unicode char U+039A (decimal 922)
   defining Unicode char U+039B (decimal 923)
   defining Unicode char U+039C (decimal 924)
   defining Unicode char U+039D (decimal 925)
   defining Unicode char U+039E (decimal 926)
   defining Unicode char U+039F (decimal 927)
   defining Unicode char U+03A0 (decimal 928)
   defining Unicode char U+03A1 (decimal 929)
   defining Unicode char U+03A3 (decimal 931)
   defining Unicode char U+03A4 (decimal 932)
   defining Unicode char U+03A5 (decimal 933)
   defining Unicode char U+03A6 (decimal 934)
   defining Unicode char U+03A7 (decimal 935)
   defining Unicode char U+03A8 (decimal 936)
   defining Unicode char U+03A9 (decimal 937)
   defining Unicode char U+03AA (decimal 938)
   defining Unicode char U+03AB (decimal 939)
   defining Unicode char U+03AC (decimal 940)
   defining Unicode char U+03AD (decimal 941)
   defining Unicode char U+03AE (decimal 942)
   defining Unicode char U+03AF (decimal 943)
   defining Unicode char U+03B0 (decimal 944)
   defining Unicode char U+03B1 (decimal 945)
   defining Unicode char U+03B2 (decimal 946)
   defining Unicode char U+03B3 (decimal 947)
   defining Unicode char U+03B4 (decimal 948)
   defining Unicode char U+03B5 (decimal 949)
   defining Unicode char U+03B6 (decimal 950)
   defining Unicode char U+03B7 (decimal 951)
   defining Unicode char U+03B8 (decimal 952)
   defining Unicode char U+03B9 (decimal 953)
   defining Unicode char U+03BA (decimal 954)
   defining Unicode char U+03BB (decimal 955)
   defining Unicode char U+03BC (decimal 956)
   defining Unicode char U+03BD (decimal 957)
   defining Unicode char U+03BE (decimal 958)
   defining Unicode char U+03BF (decimal 959)
   defining Unicode char U+03C0 (decimal 960)
   defining Unicode char U+03C1 (decimal 961)
   defining Unicode char U+03C2 (decimal 962)
   defining Unicode char U+03C3 (decimal 963)
   defining Unicode char U+03C4 (decimal 964)
   defining Unicode char U+03C5 (decimal 965)
   defining Unicode char U+03C6 (decimal 966)
   defining Unicode char U+03C7 (decimal 967)
   defining Unicode char U+03C8 (decimal 968)
   defining Unicode char U+03C9 (decimal 969)
   defining Unicode char U+03CA (decimal 970)
   defining Unicode char U+03CB (decimal 971)
   defining Unicode char U+03CC (decimal 972)
   defining Unicode char U+03CD (decimal 973)
   defining Unicode char U+03CE (decimal 974)
   defining Unicode char U+03D0 (decimal 976)
   defining Unicode char U+03D1 (decimal 977)
   defining Unicode char U+03D5 (decimal 981)
   defining Unicode char U+03D6 (decimal 982)
   defining Unicode char U+03D8 (decimal 984)
   defining Unicode char U+03D9 (decimal 985)
   defining Unicode char U+03DA (decimal 986)
   defining Unicode char U+03DB (decimal 987)
   defining Unicode char U+03DC (decimal 988)
   defining Unicode char U+03DD (decimal 989)
   defining Unicode char U+03DF (decimal 991)
   defining Unicode char U+03E0 (decimal 992)
   defining Unicode char U+03E1 (decimal 993)
   defining Unicode char U+03F0 (decimal 1008)
   defining Unicode char U+03F1 (decimal 1009)
   defining Unicode char U+03F4 (decimal 1012)
   defining Unicode char U+03F5 (decimal 1013)
   defining Unicode char U+1F00 (decimal 7936)
   defining Unicode char U+1F01 (decimal 7937)
   defining Unicode char U+1F02 (decimal 7938)
   defining Unicode char U+1F03 (decimal 7939)
   defining Unicode char U+1F04 (decimal 7940)
   defining Unicode char U+1F05 (decimal 7941)
   defining Unicode char U+1F06 (decimal 7942)
   defining Unicode char U+1F07 (decimal 7943)
   defining Unicode char U+1F08 (decimal 7944)
   defining Unicode char U+1F09 (decimal 7945)
   defining Unicode char U+1F0A (decimal 7946)
   defining Unicode char U+1F0B (decimal 7947)
   defining Unicode char U+1F0C (decimal 7948)
   defining Unicode char U+1F0D (decimal 7949)
   defining Unicode char U+1F0E (decimal 7950)
   defining Unicode char U+1F0F (decimal 7951)
   defining Unicode char U+1F10 (decimal 7952)
   defining Unicode char U+1F11 (decimal 7953)
   defining Unicode char U+1F12 (decimal 7954)
   defining Unicode char U+1F13 (decimal 7955)
   defining Unicode char U+1F14 (decimal 7956)
   defining Unicode char U+1F15 (decimal 7957)
   defining Unicode char U+1F18 (decimal 7960)
   defining Unicode char U+1F19 (decimal 7961)
   defining Unicode char U+1F1A (decimal 7962)
   defining Unicode char U+1F1B (decimal 7963)
   defining Unicode char U+1F1C (decimal 7964)
   defining Unicode char U+1F1D (decimal 7965)
   defining Unicode char U+1F20 (decimal 7968)
   defining Unicode char U+1F21 (decimal 7969)
   defining Unicode char U+1F22 (decimal 7970)
   defining Unicode char U+1F23 (decimal 7971)
   defining Unicode char U+1F24 (decimal 7972)
   defining Unicode char U+1F25 (decimal 7973)
   defining Unicode char U+1F26 (decimal 7974)
   defining Unicode char U+1F27 (decimal 7975)
   defining Unicode char U+1F28 (decimal 7976)
   defining Unicode char U+1F29 (decimal 7977)
   defining Unicode char U+1F2A (decimal 7978)
   defining Unicode char U+1F2B (decimal 7979)
   defining Unicode char U+1F2C (decimal 7980)
   defining Unicode char U+1F2D (decimal 7981)
   defining Unicode char U+1F2E (decimal 7982)
   defining Unicode char U+1F2F (decimal 7983)
   defining Unicode char U+1F30 (decimal 7984)
   defining Unicode char U+1F31 (decimal 7985)
   defining Unicode char U+1F32 (decimal 7986)
   defining Unicode char U+1F33 (decimal 7987)
   defining Unicode char U+1F34 (decimal 7988)
   defining Unicode char U+1F35 (decimal 7989)
   defining Unicode char U+1F36 (decimal 7990)
   defining Unicode char U+1F37 (decimal 7991)
   defining Unicode char U+1F38 (decimal 7992)
   defining Unicode char U+1F39 (decimal 7993)
   defining Unicode char U+1F3A (decimal 7994)
   defining Unicode char U+1F3B (decimal 7995)
   defining Unicode char U+1F3C (decimal 7996)
   defining Unicode char U+1F3D (decimal 7997)
   defining Unicode char U+1F3E (decimal 7998)
   defining Unicode char U+1F3F (decimal 7999)
   defining Unicode char U+1F40 (decimal 8000)
   defining Unicode char U+1F41 (decimal 8001)
   defining Unicode char U+1F42 (decimal 8002)
   defining Unicode char U+1F43 (decimal 8003)
   defining Unicode char U+1F44 (decimal 8004)
   defining Unicode char U+1F45 (decimal 8005)
   defining Unicode char U+1F48 (decimal 8008)
   defining Unicode char U+1F49 (decimal 8009)
   defining Unicode char U+1F4A (decimal 8010)
   defining Unicode char U+1F4B (decimal 8011)
   defining Unicode char U+1F4C (decimal 8012)
   defining Unicode char U+1F4D (decimal 8013)
   defining Unicode char U+1F50 (decimal 8016)
   defining Unicode char U+1F51 (decimal 8017)
   defining Unicode char U+1F52 (decimal 8018)
   defining Unicode char U+1F53 (decimal 8019)
   defining Unicode char U+1F54 (decimal 8020)
   defining Unicode char U+1F55 (decimal 8021)
   defining Unicode char U+1F56 (decimal 8022)
   defining Unicode char U+1F57 (decimal 8023)
   defining Unicode char U+1F59 (decimal 8025)
   defining Unicode char U+1F5B (decimal 8027)
   defining Unicode char U+1F5D (decimal 8029)
   defining Unicode char U+1F5F (decimal 8031)
   defining Unicode char U+1F60 (decimal 8032)
   defining Unicode char U+1F61 (decimal 8033)
   defining Unicode char U+1F62 (decimal 8034)
   defining Unicode char U+1F63 (decimal 8035)
   defining Unicode char U+1F64 (decimal 8036)
   defining Unicode char U+1F65 (decimal 8037)
   defining Unicode char U+1F66 (decimal 8038)
   defining Unicode char U+1F67 (decimal 8039)
   defining Unicode char U+1F68 (decimal 8040)
   defining Unicode char U+1F69 (decimal 8041)
   defining Unicode char U+1F6A (decimal 8042)
   defining Unicode char U+1F6B (decimal 8043)
   defining Unicode char U+1F6C (decimal 8044)
   defining Unicode char U+1F6D (decimal 8045)
   defining Unicode char U+1F6E (decimal 8046)
   defining Unicode char U+1F6F (decimal 8047)
   defining Unicode char U+1F70 (decimal 8048)
   defining Unicode char U+1F71 (decimal 8049)
   defining Unicode char U+1F72 (decimal 8050)
   defining Unicode char U+1F73 (decimal 8051)
   defining Unicode char U+1F74 (decimal 8052)
   defining Unicode char U+1F75 (decimal 8053)
   defining Unicode char U+1F76 (decimal 8054)
   defining Unicode char U+1F77 (decimal 8055)
   defining Unicode char U+1F78 (decimal 8056)
   defining Unicode char U+1F79 (decimal 8057)
   defining Unicode char U+1F7A (decimal 8058)
   defining Unicode char U+1F7B (decimal 8059)
   defining Unicode char U+1F7C (decimal 8060)
   defining Unicode char U+1F7D (decimal 8061)
   defining Unicode char U+1F80 (decimal 8064)
   defining Unicode char U+1F81 (decimal 8065)
   defining Unicode char U+1F82 (decimal 8066)
   defining Unicode char U+1F83 (decimal 8067)
   defining Unicode char U+1F84 (decimal 8068)
   defining Unicode char U+1F85 (decimal 8069)
   defining Unicode char U+1F86 (decimal 8070)
   defining Unicode char U+1F87 (decimal 8071)
   defining Unicode char U+1F88 (decimal 8072)
   defining Unicode char U+1F89 (decimal 8073)
   defining Unicode char U+1F8A (decimal 8074)
   defining Unicode char U+1F8B (decimal 8075)
   defining Unicode char U+1F8C (decimal 8076)
   defining Unicode char U+1F8D (decimal 8077)
   defining Unicode char U+1F8E (decimal 8078)
   defining Unicode char U+1F8F (decimal 8079)
   defining Unicode char U+1F90 (decimal 8080)
   defining Unicode char U+1F91 (decimal 8081)
   defining Unicode char U+1F92 (decimal 8082)
   defining Unicode char U+1F93 (decimal 8083)
   defining Unicode char U+1F94 (decimal 8084)
   defining Unicode char U+1F95 (decimal 8085)
   defining Unicode char U+1F96 (decimal 8086)
   defining Unicode char U+1F97 (decimal 8087)
   defining Unicode char U+1F98 (decimal 8088)
   defining Unicode char U+1F99 (decimal 8089)
   defining Unicode char U+1F9A (decimal 8090)
   defining Unicode char U+1F9B (decimal 8091)
   defining Unicode char U+1F9C (decimal 8092)
   defining Unicode char U+1F9D (decimal 8093)
   defining Unicode char U+1F9E (decimal 8094)
   defining Unicode char U+1F9F (decimal 8095)
   defining Unicode char U+1FA0 (decimal 8096)
   defining Unicode char U+1FA1 (decimal 8097)
   defining Unicode char U+1FA2 (decimal 8098)
   defining Unicode char U+1FA3 (decimal 8099)
   defining Unicode char U+1FA4 (decimal 8100)
   defining Unicode char U+1FA5 (decimal 8101)
   defining Unicode char U+1FA6 (decimal 8102)
   defining Unicode char U+1FA7 (decimal 8103)
   defining Unicode char U+1FA8 (decimal 8104)
   defining Unicode char U+1FA9 (decimal 8105)
   defining Unicode char U+1FAA (decimal 8106)
   defining Unicode char U+1FAB (decimal 8107)
   defining Unicode char U+1FAC (decimal 8108)
   defining Unicode char U+1FAD (decimal 8109)
   defining Unicode char U+1FAE (decimal 8110)
   defining Unicode char U+1FAF (decimal 8111)
   defining Unicode char U+1FB0 (decimal 8112)
   defining Unicode char U+1FB1 (decimal 8113)
   defining Unicode char U+1FB2 (decimal 8114)
   defining Unicode char U+1FB3 (decimal 8115)
   defining Unicode char U+1FB4 (decimal 8116)
   defining Unicode char U+1FB6 (decimal 8118)
   defining Unicode char U+1FB7 (decimal 8119)
   defining Unicode char U+1FB8 (decimal 8120)
   defining Unicode char U+1FB9 (decimal 8121)
   defining Unicode char U+1FBA (decimal 8122)
   defining Unicode char U+1FBB (decimal 8123)
   defining Unicode char U+1FBC (decimal 8124)
   defining Unicode char U+1FBD (decimal 8125)
   defining Unicode char U+1FBE (decimal 8126)
   defining Unicode char U+1FBF (decimal 8127)
   defining Unicode char U+1FC0 (decimal 8128)
   defining Unicode char U+1FC1 (decimal 8129)
   defining Unicode char U+1FC2 (decimal 8130)
   defining Unicode char U+1FC3 (decimal 8131)
   defining Unicode char U+1FC4 (decimal 8132)
   defining Unicode char U+1FC6 (decimal 8134)
   defining Unicode char U+1FC7 (decimal 8135)
   defining Unicode char U+1FC8 (decimal 8136)
   defining Unicode char U+1FC9 (decimal 8137)
   defining Unicode char U+1FCA (decimal 8138)
   defining Unicode char U+1FCB (decimal 8139)
   defining Unicode char U+1FCC (decimal 8140)
   defining Unicode char U+1FCD (decimal 8141)
   defining Unicode char U+1FCE (decimal 8142)
   defining Unicode char U+1FCF (decimal 8143)
   defining Unicode char U+1FD0 (decimal 8144)
   defining Unicode char U+1FD1 (decimal 8145)
   defining Unicode char U+1FD2 (decimal 8146)
   defining Unicode char U+1FD3 (decimal 8147)
   defining Unicode char U+1FD6 (decimal 8150)
   defining Unicode char U+1FD7 (decimal 8151)
   defining Unicode char U+1FD8 (decimal 8152)
   defining Unicode char U+1FD9 (decimal 8153)
   defining Unicode char U+1FDA (decimal 8154)
   defining Unicode char U+1FDB (decimal 8155)
   defining Unicode char U+1FDD (decimal 8157)
   defining Unicode char U+1FDE (decimal 8158)
   defining Unicode char U+1FDF (decimal 8159)
   defining Unicode char U+1FE0 (decimal 8160)
   defining Unicode char U+1FE1 (decimal 8161)
   defining Unicode char U+1FE2 (decimal 8162)
   defining Unicode char U+1FE3 (decimal 8163)
   defining Unicode char U+1FE4 (decimal 8164)
   defining Unicode char U+1FE5 (decimal 8165)
   defining Unicode char U+1FE6 (decimal 8166)
   defining Unicode char U+1FE7 (decimal 8167)
   defining Unicode char U+1FE8 (decimal 8168)
   defining Unicode char U+1FE9 (decimal 8169)
   defining Unicode char U+1FEA (decimal 8170)
   defining Unicode char U+1FEB (decimal 8171)
   defining Unicode char U+1FEC (decimal 8172)
   defining Unicode char U+1FED (decimal 8173)
   defining Unicode char U+1FEE (decimal 8174)
   defining Unicode char U+1FEF (decimal 8175)
   defining Unicode char U+1FF2 (decimal 8178)
   defining Unicode char U+1FF3 (decimal 8179)
   defining Unicode char U+1FF4 (decimal 8180)
   defining Unicode char U+1FF6 (decimal 8182)
   defining Unicode char U+1FF7 (decimal 8183)
   defining Unicode char U+1FF8 (decimal 8184)
   defining Unicode char U+1FF9 (decimal 8185)
   defining Unicode char U+1FFA (decimal 8186)
   defining Unicode char U+1FFB (decimal 8187)
   defining Unicode char U+1FFC (decimal 8188)
   defining Unicode char U+1FFD (decimal 8189)
   defining Unicode char U+1FFE (decimal 8190)
   defining Unicode char U+2013 (decimal 8211)
   defining Unicode char U+2014 (decimal 8212)
   defining Unicode char U+2018 (decimal 8216)
   defining Unicode char U+2019 (decimal 8217)
   defining Unicode char U+201A (decimal 8218)
   defining Unicode char U+2030 (decimal 8240)
   defining Unicode char U+2039 (decimal 8249)
   defining Unicode char U+203A (decimal 8250)
   defining Unicode char U+20AC (decimal 8364)
   defining Unicode char U+2126 (decimal 8486)
   defining Unicode char U+10144 (decimal 65860)
   defining Unicode char U+10145 (decimal 65861)
   defining Unicode char U+10146 (decimal 65862)
   defining Unicode char U+10147 (decimal 65863)
)
(/usr/share/texlive/texmf-dist/tex/latex/greek-fontenc/greek-fontenc.def
File: greek-fontenc.def 2020/10/30 2.0 Common Greek font encoding definitions
)))
(/usr/share/texlive/texmf-dist/tex/latex/base/textcomp.sty
Package: textcomp 2020/02/02 v2.0n Standard LaTeX package
)
(/usr/share/texlive/texmf-dist/tex/latex/fontaxes/fontaxes.sty
Package: fontaxes 2020/07/21 v1.0e Font selection axes
LaTeX Info: Redefining \upshape on input line 29.
LaTeX Info: Redefining \itshape on input line 31.
LaTeX Info: Redefining \slshape on input line 33.
LaTeX Info: Redefining \swshape on input line 35.
LaTeX Info: Redefining \scshape on input line 37.
LaTeX Info: Redefining \sscshape on input line 39.
LaTeX Info: Redefining \ulcshape on input line 41.
LaTeX Info: Redefining \textsw on input line 47.
LaTeX Info: Redefining \textssc on input line 48.
LaTeX Info: Redefining \textulc on input line 49.
))
(/usr/share/texlive/texmf-dist/tex/latex/cmap/cmap.sty
Package: cmap 2021/02/06 v1.0j CMap support: searchable PDF


Package cmap Warning: fontenc already loaded - some fonts may be unprocessed.

) (/usr/share/texlive/texmf-dist/tex/latex/base/fontenc.sty
Package: fontenc 2021/04/29 v2.0v Standard LaTeX package
LaTeX Font Info:    Trying to load font information for T1+Tempora-TLF on input
 line 112.

(/usr/share/texlive/texmf-dist/tex/latex/tempora/T1Tempora-TLF.fd
File: T1Tempora-TLF.fd 2016/02/02 (autoinst) Font definitions for T1/Tempora-TL
F.
)
LaTeX Font Info:    Font shape `T1/Tempora-TLF/m/n' will be
(Font)              scaled to size 14.0pt on input line 112.
<<t1.cmap>>)
(/usr/share/texlive/texmf-dist/tex/latex/base/inputenc.sty
Package: inputenc 2021/02/14 v1.3d Input encoding file
\inpenc@prehook=\toks38
\inpenc@posthook=\toks39
)
(/usr/share/texlive/texmf-dist/tex/generic/babel/babel.sty
Package: babel 2022/12/26 3.84 The Babel package
\babel@savecnt=\count328
\U@D=\dimen272
\l@unhyphenated=\language87

(/usr/share/texlive/texmf-dist/tex/generic/babel/txtbabel.def)
\bbl@readstream=\read4
\bbl@dirlevel=\count329
Package babel Info: Main language set with 'main='. Except if you have
(babel)             problems, prefer the default mechanism for setting
(babel)             the main language. Reported on input line 4316.

(/usr/share/texlive/texmf-dist/tex/generic/babel-english/english.ldf
Language: english 2017/06/06 v3.3r English support from the babel system
Package babel Info: Hyphen rules for 'canadian' set to \l@english
(babel)             (\language0). Reported on input line 102.
Package babel Info: Hyphen rules for 'australian' set to \l@ukenglish
(babel)             (\language82). Reported on input line 105.
Package babel Info: Hyphen rules for 'newzealand' set to \l@ukenglish
(babel)             (\language82). Reported on input line 108.
)
(/usr/share/texlive/texmf-dist/tex/generic/babel-russian/russianb.ldf
File: russianb.ldf 2021/01/10 1.3m Russian support for the Babel system
Language: russian 2020/09/09 1.3k Russian support for the Babel system
Package babel Info: Making " an active character on input line 124.
Package babel Info: Default for \cyrdash is provided on input line 163.
))
(/usr/share/texlive/texmf-dist/tex/generic/babel/locale/ru/babel-russian.tex
Package babel Info: Importing font and identification data for russian
(babel)             from babel-ru.ini. Reported on input line 11.
)
(/usr/share/texlive/texmf-dist/tex/generic/babel/locale/en/babel-english.tex
Package babel Info: Importing font and identification data for english
(babel)             from babel-en.ini. Reported on input line 11.
)
(/usr/share/texlive/texmf-dist/tex/latex/tools/indentfirst.sty
Package: indentfirst 1995/11/23 v1.03 Indent first paragraph (DPC)
)
(/usr/share/texlive/texmf-dist/tex/latex/tools/longtable.sty
Package: longtable 2021-09-01 v4.17 Multi-page Table package (DPC)
\LTleft=\skip119
\LTright=\skip120
\LTpre=\skip121
\LTpost=\skip122
\LTchunksize=\count330
\LTcapwidth=\dimen273
\LT@head=\box71
\LT@firsthead=\box72
\LT@foot=\box73
\LT@lastfoot=\box74
\LT@gbox=\box75
\LT@cols=\count331
\LT@rows=\count332
\c@LT@tables=\count333
\c@LT@chunks=\count334
\LT@p@ftn=\toks40
)
Class scrartcl Info: longtable captions redefined on input line 83.

(/usr/share/texlive/texmf-dist/tex/latex/tools/array.sty
Package: array 2022/09/04 v2.5g Tabular extension package (FMi)
\col@sep=\dimen274
\ar@mcellbox=\box76
\extrarowheight=\dimen275
\NC@list=\toks41
\extratabsurround=\skip123
\backup@length=\skip124
\ar@cellbox=\box77
)
(/usr/share/texlive/texmf-dist/tex/latex/booktabs/booktabs.sty
Package: booktabs 2020/01/12 v1.61803398 Publication quality tables
\heavyrulewidth=\dimen276
\lightrulewidth=\dimen277
\cmidrulewidth=\dimen278
\belowrulesep=\dimen279
\belowbottomsep=\dimen280
\aboverulesep=\dimen281
\abovetopsep=\dimen282
\cmidrulesep=\dimen283
\cmidrulekern=\dimen284
\defaultaddspace=\dimen285
\@cmidla=\count335
\@cmidlb=\count336
\@aboverulesep=\dimen286
\@belowrulesep=\dimen287
\@thisruleclass=\count337
\@lastruleclass=\count338
\@thisrulewidth=\dimen288
)
(/usr/share/texlive/texmf-dist/tex/generic/soulutf8/soulutf8.sty
Package: soulutf8 2019/12/15 v1.2 Permit use of UTF-8 characters in soul (HO)

(/usr/share/texlive/texmf-dist/tex/generic/soul/soul.sty
Package: soul 2003/11/17 v2.4 letterspacing/underlining (mf)
\SOUL@word=\toks42
\SOUL@lasttoken=\toks43
\SOUL@cmds=\toks44
\SOUL@buffer=\toks45
\SOUL@token=\toks46
\SOUL@spaceskip=\skip125
\SOUL@ttwidth=\dimen289
\SOUL@uldp=\dimen290
\SOUL@ulht=\dimen291
))
(/usr/share/texlive/texmf-dist/tex/latex/pgf/frontendlayer/tikz.sty
(/usr/share/texlive/texmf-dist/tex/latex/pgf/basiclayer/pgf.sty
(/usr/share/texlive/texmf-dist/tex/latex/pgf/utilities/pgfrcs.sty
(/usr/share/texlive/texmf-dist/tex/generic/pgf/utilities/pgfutil-common.tex
\pgfutil@everybye=\toks47
\pgfutil@tempdima=\dimen292
\pgfutil@tempdimb=\dimen293
)
(/usr/share/texlive/texmf-dist/tex/generic/pgf/utilities/pgfutil-latex.def
\pgfutil@abb=\box78
)
(/usr/share/texlive/texmf-dist/tex/generic/pgf/utilities/pgfrcs.code.tex
(/usr/share/texlive/texmf-dist/tex/generic/pgf/pgf.revision.tex)
Package: pgfrcs 2023-01-15 v3.1.10 (3.1.10)
))
Package: pgf 2023-01-15 v3.1.10 (3.1.10)

(/usr/share/texlive/texmf-dist/tex/latex/pgf/basiclayer/pgfcore.sty
(/usr/share/texlive/texmf-dist/tex/latex/pgf/systemlayer/pgfsys.sty
(/usr/share/texlive/texmf-dist/tex/generic/pgf/systemlayer/pgfsys.code.tex
Package: pgfsys 2023-01-15 v3.1.10 (3.1.10)

(/usr/share/texlive/texmf-dist/tex/generic/pgf/utilities/pgfkeys.code.tex
\pgfkeys@pathtoks=\toks48
\pgfkeys@temptoks=\toks49

(/usr/share/texlive/texmf-dist/tex/generic/pgf/utilities/pgfkeyslibraryfiltered
.code.tex
\pgfkeys@tmptoks=\toks50
))
\pgf@x=\dimen294
\pgf@y=\dimen295
\pgf@xa=\dimen296
\pgf@ya=\dimen297
\pgf@xb=\dimen298
\pgf@yb=\dimen299
\pgf@xc=\dimen300
\pgf@yc=\dimen301
\pgf@xd=\dimen302
\pgf@yd=\dimen303
\w@pgf@writea=\write5
\r@pgf@reada=\read5
\c@pgf@counta=\count339
\c@pgf@countb=\count340
\c@pgf@countc=\count341
\c@pgf@countd=\count342
\t@pgf@toka=\toks51
\t@pgf@tokb=\toks52
\t@pgf@tokc=\toks53
\pgf@sys@id@count=\count343
 (/usr/share/texlive/texmf-dist/tex/generic/pgf/systemlayer/pgf.cfg
File: pgf.cfg 2023-01-15 v3.1.10 (3.1.10)
)
Driver file for pgf: pgfsys-pdftex.def
(/usr/share/texlive/texmf-dist/tex/generic/pgf/systemlayer/pgfsys-pdftex.def
File: pgfsys-pdftex.def 2023-01-15 v3.1.10 (3.1.10)

(/usr/share/texlive/texmf-dist/tex/generic/pgf/systemlayer/pgfsys-common-pdf.de
f
File: pgfsys-common-pdf.def 2023-01-15 v3.1.10 (3.1.10)
)))
(/usr/share/texlive/texmf-dist/tex/generic/pgf/systemlayer/pgfsyssoftpath.code.
tex
File: pgfsyssoftpath.code.tex 2023-01-15 v3.1.10 (3.1.10)
\pgfsyssoftpath@smallbuffer@items=\count344
\pgfsyssoftpath@bigbuffer@items=\count345
)
(/usr/share/texlive/texmf-dist/tex/generic/pgf/systemlayer/pgfsysprotocol.code.
tex
File: pgfsysprotocol.code.tex 2023-01-15 v3.1.10 (3.1.10)
))
(/usr/share/texlive/texmf-dist/tex/generic/pgf/basiclayer/pgfcore.code.tex
Package: pgfcore 2023-01-15 v3.1.10 (3.1.10)

(/usr/share/texlive/texmf-dist/tex/generic/pgf/math/pgfmath.code.tex
(/usr/share/texlive/texmf-dist/tex/generic/pgf/math/pgfmathutil.code.tex)
(/usr/share/texlive/texmf-dist/tex/generic/pgf/math/pgfmathparser.code.tex
\pgfmath@dimen=\dimen304
\pgfmath@count=\count346
\pgfmath@box=\box79
\pgfmath@toks=\toks54
\pgfmath@stack@operand=\toks55
\pgfmath@stack@operation=\toks56
)
(/usr/share/texlive/texmf-dist/tex/generic/pgf/math/pgfmathfunctions.code.tex)
(/usr/share/texlive/texmf-dist/tex/generic/pgf/math/pgfmathfunctions.basic.code
.tex)
(/usr/share/texlive/texmf-dist/tex/generic/pgf/math/pgfmathfunctions.trigonomet
ric.code.tex)
(/usr/share/texlive/texmf-dist/tex/generic/pgf/math/pgfmathfunctions.random.cod
e.tex)
(/usr/share/texlive/texmf-dist/tex/generic/pgf/math/pgfmathfunctions.comparison
.code.tex)
(/usr/share/texlive/texmf-dist/tex/generic/pgf/math/pgfmathfunctions.base.code.
tex)
(/usr/share/texlive/texmf-dist/tex/generic/pgf/math/pgfmathfunctions.round.code
.tex)
(/usr/share/texlive/texmf-dist/tex/generic/pgf/math/pgfmathfunctions.misc.code.
tex)
(/usr/share/texlive/texmf-dist/tex/generic/pgf/math/pgfmathfunctions.integerari
thmetics.code.tex)
(/usr/share/texlive/texmf-dist/tex/generic/pgf/math/pgfmathcalc.code.tex)
(/usr/share/texlive/texmf-dist/tex/generic/pgf/math/pgfmathfloat.code.tex
\c@pgfmathroundto@lastzeros=\count347
))
(/usr/share/texlive/texmf-dist/tex/generic/pgf/math/pgfint.code.tex)
(/usr/share/texlive/texmf-dist/tex/generic/pgf/basiclayer/pgfcorepoints.code.te
x
File: pgfcorepoints.code.tex 2023-01-15 v3.1.10 (3.1.10)
\pgf@picminx=\dimen305
\pgf@picmaxx=\dimen306
\pgf@picminy=\dimen307
\pgf@picmaxy=\dimen308
\pgf@pathminx=\dimen309
\pgf@pathmaxx=\dimen310
\pgf@pathminy=\dimen311
\pgf@pathmaxy=\dimen312
\pgf@xx=\dimen313
\pgf@xy=\dimen314
\pgf@yx=\dimen315
\pgf@yy=\dimen316
\pgf@zx=\dimen317
\pgf@zy=\dimen318
)
(/usr/share/texlive/texmf-dist/tex/generic/pgf/basiclayer/pgfcorepathconstruct.
code.tex
File: pgfcorepathconstruct.code.tex 2023-01-15 v3.1.10 (3.1.10)
\pgf@path@lastx=\dimen319
\pgf@path@lasty=\dimen320
)
(/usr/share/texlive/texmf-dist/tex/generic/pgf/basiclayer/pgfcorepathusage.code
.tex
File: pgfcorepathusage.code.tex 2023-01-15 v3.1.10 (3.1.10)
\pgf@shorten@end@additional=\dimen321
\pgf@shorten@start@additional=\dimen322
)
(/usr/share/texlive/texmf-dist/tex/generic/pgf/basiclayer/pgfcorescopes.code.te
x
File: pgfcorescopes.code.tex 2023-01-15 v3.1.10 (3.1.10)
\pgfpic=\box80
\pgf@hbox=\box81
\pgf@layerbox@main=\box82
\pgf@picture@serial@count=\count348
)
(/usr/share/texlive/texmf-dist/tex/generic/pgf/basiclayer/pgfcoregraphicstate.c
ode.tex
File: pgfcoregraphicstate.code.tex 2023-01-15 v3.1.10 (3.1.10)
\pgflinewidth=\dimen323
)
(/usr/share/texlive/texmf-dist/tex/generic/pgf/basiclayer/pgfcoretransformation
s.code.tex
File: pgfcoretransformations.code.tex 2023-01-15 v3.1.10 (3.1.10)
\pgf@pt@x=\dimen324
\pgf@pt@y=\dimen325
\pgf@pt@temp=\dimen326
)
(/usr/share/texlive/texmf-dist/tex/generic/pgf/basiclayer/pgfcorequick.code.tex
File: pgfcorequick.code.tex 2023-01-15 v3.1.10 (3.1.10)
)
(/usr/share/texlive/texmf-dist/tex/generic/pgf/basiclayer/pgfcoreobjects.code.t
ex
File: pgfcoreobjects.code.tex 2023-01-15 v3.1.10 (3.1.10)
)
(/usr/share/texlive/texmf-dist/tex/generic/pgf/basiclayer/pgfcorepathprocessing
.code.tex
File: pgfcorepathprocessing.code.tex 2023-01-15 v3.1.10 (3.1.10)
)
(/usr/share/texlive/texmf-dist/tex/generic/pgf/basiclayer/pgfcorearrows.code.te
x
File: pgfcorearrows.code.tex 2023-01-15 v3.1.10 (3.1.10)
\pgfarrowsep=\dimen327
)
(/usr/share/texlive/texmf-dist/tex/generic/pgf/basiclayer/pgfcoreshade.code.tex
File: pgfcoreshade.code.tex 2023-01-15 v3.1.10 (3.1.10)
\pgf@max=\dimen328
\pgf@sys@shading@range@num=\count349
\pgf@shadingcount=\count350
)
(/usr/share/texlive/texmf-dist/tex/generic/pgf/basiclayer/pgfcoreimage.code.tex
File: pgfcoreimage.code.tex 2023-01-15 v3.1.10 (3.1.10)
)
(/usr/share/texlive/texmf-dist/tex/generic/pgf/basiclayer/pgfcoreexternal.code.
tex
File: pgfcoreexternal.code.tex 2023-01-15 v3.1.10 (3.1.10)
\pgfexternal@startupbox=\box83
)
(/usr/share/texlive/texmf-dist/tex/generic/pgf/basiclayer/pgfcorelayers.code.te
x
File: pgfcorelayers.code.tex 2023-01-15 v3.1.10 (3.1.10)
)
(/usr/share/texlive/texmf-dist/tex/generic/pgf/basiclayer/pgfcoretransparency.c
ode.tex
File: pgfcoretransparency.code.tex 2023-01-15 v3.1.10 (3.1.10)
)
(/usr/share/texlive/texmf-dist/tex/generic/pgf/basiclayer/pgfcorepatterns.code.
tex
File: pgfcorepatterns.code.tex 2023-01-15 v3.1.10 (3.1.10)
)
(/usr/share/texlive/texmf-dist/tex/generic/pgf/basiclayer/pgfcorerdf.code.tex
File: pgfcorerdf.code.tex 2023-01-15 v3.1.10 (3.1.10)
)))
(/usr/share/texlive/texmf-dist/tex/generic/pgf/modules/pgfmoduleshapes.code.tex
File: pgfmoduleshapes.code.tex 2023-01-15 v3.1.10 (3.1.10)
\pgfnodeparttextbox=\box84
) (/usr/share/texlive/texmf-dist/tex/generic/pgf/modules/pgfmoduleplot.code.tex
File: pgfmoduleplot.code.tex 2023-01-15 v3.1.10 (3.1.10)
)
(/usr/share/texlive/texmf-dist/tex/latex/pgf/compatibility/pgfcomp-version-0-65
.sty
Package: pgfcomp-version-0-65 2023-01-15 v3.1.10 (3.1.10)
\pgf@nodesepstart=\dimen329
\pgf@nodesepend=\dimen330
)
(/usr/share/texlive/texmf-dist/tex/latex/pgf/compatibility/pgfcomp-version-1-18
.sty
Package: pgfcomp-version-1-18 2023-01-15 v3.1.10 (3.1.10)
)) (/usr/share/texlive/texmf-dist/tex/latex/pgf/utilities/pgffor.sty
(/usr/share/texlive/texmf-dist/tex/latex/pgf/utilities/pgfkeys.sty
(/usr/share/texlive/texmf-dist/tex/generic/pgf/utilities/pgfkeys.code.tex))
(/usr/share/texlive/texmf-dist/tex/latex/pgf/math/pgfmath.sty
(/usr/share/texlive/texmf-dist/tex/generic/pgf/math/pgfmath.code.tex))
(/usr/share/texlive/texmf-dist/tex/generic/pgf/utilities/pgffor.code.tex
Package: pgffor 2023-01-15 v3.1.10 (3.1.10)
\pgffor@iter=\dimen331
\pgffor@skip=\dimen332
\pgffor@stack=\toks57
\pgffor@toks=\toks58
))
(/usr/share/texlive/texmf-dist/tex/generic/pgf/frontendlayer/tikz/tikz.code.tex
Package: tikz 2023-01-15 v3.1.10 (3.1.10)

(/usr/share/texlive/texmf-dist/tex/generic/pgf/libraries/pgflibraryplothandlers
.code.tex
File: pgflibraryplothandlers.code.tex 2023-01-15 v3.1.10 (3.1.10)
\pgf@plot@mark@count=\count351
\pgfplotmarksize=\dimen333
)
\tikz@lastx=\dimen334
\tikz@lasty=\dimen335
\tikz@lastxsaved=\dimen336
\tikz@lastysaved=\dimen337
\tikz@lastmovetox=\dimen338
\tikz@lastmovetoy=\dimen339
\tikzleveldistance=\dimen340
\tikzsiblingdistance=\dimen341
\tikz@figbox=\box85
\tikz@figbox@bg=\box86
\tikz@tempbox=\box87
\tikz@tempbox@bg=\box88
\tikztreelevel=\count352
\tikznumberofchildren=\count353
\tikznumberofcurrentchild=\count354
\tikz@fig@count=\count355

(/usr/share/texlive/texmf-dist/tex/generic/pgf/modules/pgfmodulematrix.code.tex
File: pgfmodulematrix.code.tex 2023-01-15 v3.1.10 (3.1.10)
\pgfmatrixcurrentrow=\count356
\pgfmatrixcurrentcolumn=\count357
\pgf@matrix@numberofcolumns=\count358
)
\tikz@expandcount=\count359

(/usr/share/texlive/texmf-dist/tex/generic/pgf/frontendlayer/tikz/libraries/tik
zlibrarytopaths.code.tex
File: tikzlibrarytopaths.code.tex 2023-01-15 v3.1.10 (3.1.10)
)))
(/usr/share/texlive/texmf-dist/tex/latex/nicematrix/nicematrix.sty
(/usr/share/texlive/texmf-dist/tex/latex/l3packages/l3keys2e/l3keys2e.sty
Package: l3keys2e 2023-01-16 LaTeX2e option processing using LaTeX3 keys
)
Package: nicematrix 2022/12/12 v6.13e Enhanced arrays with the help of PGF/TikZ

\g__nicematrix_env_int=\count360
\g__nicematrix_NiceMatrixBlock_int=\count361
\l__nicematrix_note_in_caption_int=\count362
\l__nicematrix_columns_width_dim=\dimen342
\l__nicematrix_col_width_dim=\dimen343
\g__nicematrix_row_total_int=\count363
\g__nicematrix_col_total_int=\count364
\g__nicematrix_last_row_node_int=\count365
\l__nicematrix_key_nb_rows_int=\count366
\g__nicematrix_blocks_wd_dim=\dimen344
\g__nicematrix_blocks_ht_dim=\dimen345
\g__nicematrix_blocks_dp_dim=\dimen346
\l__nicematrix_width_dim=\dimen347
\l__nicematrix_tabular_width_dim=\dimen348
\l__nicematrix_rule_width_dim=\dimen349
\l__nicematrix_old_iRow_int=\count367
\l__nicematrix_old_jCol_int=\count368
\g__nicematrix_total_X_weight_int=\count369
\l__nicematrix_X_columns_dim=\dimen350
\l__nicematrix_x_initial_dim=\dimen351
\l__nicematrix_y_initial_dim=\dimen352
\l__nicematrix_x_final_dim=\dimen353
\l__nicematrix_y_final_dim=\dimen354
\l__nicematrix_tmpc_dim=\dimen355
\l__nicematrix_tmpd_dim=\dimen356
\g__nicematrix_width_last_col_dim=\dimen357
\g__nicematrix_width_first_col_dim=\dimen358
\l__nicematrix_row_min_int=\count370
\l__nicematrix_row_max_int=\count371
\l__nicematrix_col_min_int=\count372
\l__nicematrix_col_max_int=\count373
\g__nicematrix_static_num_of_col_int=\count374
\l__nicematrix_rounded_corners_dim=\dimen359
\l__nicematrix_line_width_dim=\dimen360
\g__nicematrix_block_box_int=\count375
\l__nicematrix_submatrix_extra_height_dim=\dimen361
\l__nicematrix_submatrix_left_xshift_dim=\dimen362
\l__nicematrix_submatrix_right_xshift_dim=\dimen363
\l__nicematrix_first_row_int=\count376
\l__nicematrix_first_col_int=\count377
\l__nicematrix_last_row_int=\count378
\l__nicematrix_last_col_int=\count379
\c@tabularnote=\count380
\c@nicematrix_draft=\count381
\l__nicematrix_cell_space_top_limit_dim=\dimen364
\l__nicematrix_cell_space_bottom_limit_dim=\dimen365
\l__nicematrix_xdots_inter_dim=\dimen366
\l__nicematrix_xdots_shorten_start_dim=\dimen367
\l__nicematrix_xdots_shorten_end_dim=\dimen368
\l__nicematrix_xdots_radius_dim=\dimen369
\l__nicematrix_notes_above_space_dim=\dimen370
\l__nicematrix_left_margin_dim=\dimen371
\l__nicematrix_right_margin_dim=\dimen372
\l__nicematrix_extra_left_margin_dim=\dimen373
\l__nicematrix_extra_right_margin_dim=\dimen374
\c__nicematrix_max_l_dim=\dimen375
\l__nicematrix_position_int=\count382
\l__nicematrix_start_int=\count383
\l__nicematrix_multiplicity_int=\count384
\l__nicematrix_brace_yshift_dim=\dimen376
)
(/usr/share/texlive/texmf-dist/tex/generic/pgf/frontendlayer/tikz/libraries/tik
zlibraryautomata.code.tex
File: tikzlibraryautomata.code.tex 2023-01-15 v3.1.10 (3.1.10)

(/usr/share/texlive/texmf-dist/tex/generic/pgf/frontendlayer/tikz/libraries/tik
zlibraryshapes.multipart.code.tex
File: tikzlibraryshapes.multipart.code.tex 2023-01-15 v3.1.10 (3.1.10)

(/usr/share/texlive/texmf-dist/tex/generic/pgf/libraries/shapes/pgflibraryshape
s.multipart.code.tex
File: pgflibraryshapes.multipart.code.tex 2023-01-15 v3.1.10 (3.1.10)
\pgfnodepartlowerbox=\box89
\pgfnodeparttwobox=\box90
\pgfnodepartthreebox=\box91
\pgfnodepartfourbox=\box92
\pgfnodeparttwentybox=\box93
\pgfnodepartnineteenbox=\box94
\pgfnodeparteighteenbox=\box95
\pgfnodepartseventeenbox=\box96
\pgfnodepartsixteenbox=\box97
\pgfnodepartfifteenbox=\box98
\pgfnodepartfourteenbox=\box99
\pgfnodepartthirteenbox=\box100
\pgfnodeparttwelvebox=\box101
\pgfnodepartelevenbox=\box102
\pgfnodeparttenbox=\box103
\pgfnodepartninebox=\box104
\pgfnodeparteightbox=\box105
\pgfnodepartsevenbox=\box106
\pgfnodepartsixbox=\box107
\pgfnodepartfivebox=\box108
)))
(/usr/share/texlive/texmf-dist/tex/generic/pgf/frontendlayer/tikz/libraries/tik
zlibrarypositioning.code.tex
File: tikzlibrarypositioning.code.tex 2023-01-15 v3.1.10 (3.1.10)
)
(/usr/share/texlive/texmf-dist/tex/generic/pgf/frontendlayer/tikz/libraries/tik
zlibraryarrows.code.tex
File: tikzlibraryarrows.code.tex 2023-01-15 v3.1.10 (3.1.10)

(/usr/share/texlive/texmf-dist/tex/generic/pgf/libraries/pgflibraryarrows.code.
tex
File: pgflibraryarrows.code.tex 2023-01-15 v3.1.10 (3.1.10)
\arrowsize=\dimen377
))
(/usr/share/texlive/texmf-dist/tex/generic/pgf/frontendlayer/tikz/libraries/tik
zlibrarypatterns.code.tex
File: tikzlibrarypatterns.code.tex 2023-01-15 v3.1.10 (3.1.10)

(/usr/share/texlive/texmf-dist/tex/generic/pgf/libraries/pgflibrarypatterns.cod
e.tex
File: pgflibrarypatterns.code.tex 2023-01-15 v3.1.10 (3.1.10)
))
(/usr/share/texlive/texmf-dist/tex/generic/pgf/libraries/pgflibraryarrows.meta.
code.tex
File: pgflibraryarrows.meta.code.tex 2023-01-15 v3.1.10 (3.1.10)
\pgfarrowinset=\dimen378
\pgfarrowlength=\dimen379
\pgfarrowwidth=\dimen380
\pgfarrowlinewidth=\dimen381
)
(/usr/share/texlive/texmf-dist/tex/generic/pgf/frontendlayer/tikz/libraries/tik
zlibraryshadows.code.tex
File: tikzlibraryshadows.code.tex 2023-01-15 v3.1.10 (3.1.10)

(/usr/share/texlive/texmf-dist/tex/generic/pgf/frontendlayer/tikz/libraries/tik
zlibraryfadings.code.tex
File: tikzlibraryfadings.code.tex 2023-01-15 v3.1.10 (3.1.10)

(/usr/share/texlive/texmf-dist/tex/generic/pgf/libraries/pgflibraryfadings.code
.tex
File: pgflibraryfadings.code.tex 2023-01-15 v3.1.10 (3.1.10)
)))
(/usr/share/texlive/texmf-dist/tex/generic/pgf/frontendlayer/tikz/libraries/tik
zlibraryshapes.code.tex
File: tikzlibraryshapes.code.tex 2023-01-15 v3.1.10 (3.1.10)

(/usr/share/texlive/texmf-dist/tex/generic/pgf/frontendlayer/tikz/libraries/tik
zlibraryshapes.geometric.code.tex
File: tikzlibraryshapes.geometric.code.tex 2023-01-15 v3.1.10 (3.1.10)

(/usr/share/texlive/texmf-dist/tex/generic/pgf/libraries/shapes/pgflibraryshape
s.geometric.code.tex
File: pgflibraryshapes.geometric.code.tex 2023-01-15 v3.1.10 (3.1.10)
))
(/usr/share/texlive/texmf-dist/tex/generic/pgf/frontendlayer/tikz/libraries/tik
zlibraryshapes.misc.code.tex
File: tikzlibraryshapes.misc.code.tex 2023-01-15 v3.1.10 (3.1.10)

(/usr/share/texlive/texmf-dist/tex/generic/pgf/libraries/shapes/pgflibraryshape
s.misc.code.tex
File: pgflibraryshapes.misc.code.tex 2023-01-15 v3.1.10 (3.1.10)
))
(/usr/share/texlive/texmf-dist/tex/generic/pgf/frontendlayer/tikz/libraries/tik
zlibraryshapes.symbols.code.tex
File: tikzlibraryshapes.symbols.code.tex 2023-01-15 v3.1.10 (3.1.10)

(/usr/share/texlive/texmf-dist/tex/generic/pgf/libraries/shapes/pgflibraryshape
s.symbols.code.tex
File: pgflibraryshapes.symbols.code.tex 2023-01-15 v3.1.10 (3.1.10)
))
(/usr/share/texlive/texmf-dist/tex/generic/pgf/frontendlayer/tikz/libraries/tik
zlibraryshapes.arrows.code.tex
File: tikzlibraryshapes.arrows.code.tex 2023-01-15 v3.1.10 (3.1.10)

(/usr/share/texlive/texmf-dist/tex/generic/pgf/libraries/shapes/pgflibraryshape
s.arrows.code.tex
File: pgflibraryshapes.arrows.code.tex 2023-01-15 v3.1.10 (3.1.10)
))
(/usr/share/texlive/texmf-dist/tex/generic/pgf/frontendlayer/tikz/libraries/tik
zlibraryshapes.callouts.code.tex
(/usr/share/texlive/texmf-dist/tex/generic/pgf/libraries/shapes/pgflibraryshape
s.callouts.code.tex)))
(/usr/share/texlive/texmf-dist/tex/generic/pgf/frontendlayer/tikz/libraries/dat
avisualization/tikzlibrarydatavisualization.code.tex
File: tikzlibrarydatavisualization.code.tex 2023-01-15 v3.1.10 (3.1.10)

(/usr/share/texlive/texmf-dist/tex/generic/pgf/modules/pgfmoduledatavisualizati
on.code.tex
File: pgfmoduledatavisualization.code.tex 2023-01-15 v3.1.10 (3.1.10)

(/usr/share/texlive/texmf-dist/tex/generic/pgf/modules/pgfmoduleoo.code.tex
\pgfoo@objectcount=\count385
\pgfoothis@count=\count386
\pgfoo@toks=\toks59
)
(/usr/share/texlive/texmf-dist/tex/generic/pgf/libraries/pgflibraryfpu.code.tex
)
\pgf@lib@dv@cache@count=\count387
\pgf@lib@dv@cache@count=\count388
)
(/usr/share/texlive/texmf-dist/tex/generic/pgf/frontendlayer/tikz/libraries/tik
zlibrarybackgrounds.code.tex
File: tikzlibrarybackgrounds.code.tex 2023-01-15 v3.1.10 (3.1.10)
\pgf@layerbox@background=\box109
\pgf@layerboxsaved@background=\box110
)
\tikzdvvisualizercounter=\count389
)
(/usr/share/texlive/texmf-dist/tex/generic/pgf/frontendlayer/tikz/libraries/tik
zlibrarydecorations.pathreplacing.code.tex
(/usr/share/texlive/texmf-dist/tex/generic/pgf/frontendlayer/tikz/libraries/tik
zlibrarydecorations.code.tex
(/usr/share/texlive/texmf-dist/tex/generic/pgf/modules/pgfmoduledecorations.cod
e.tex
\pgfdecoratedcompleteddistance=\dimen382
\pgfdecoratedremainingdistance=\dimen383
\pgfdecoratedinputsegmentcompleteddistance=\dimen384
\pgfdecoratedinputsegmentremainingdistance=\dimen385
\pgf@decorate@distancetomove=\dimen386
\pgf@decorate@repeatstate=\count390
\pgfdecorationsegmentamplitude=\dimen387
\pgfdecorationsegmentlength=\dimen388
)
\tikz@lib@dec@box=\box111
)
(/usr/share/texlive/texmf-dist/tex/generic/pgf/libraries/decorations/pgflibrary
decorations.pathreplacing.code.tex))
(/usr/share/texlive/texmf-dist/tex/generic/pgf/frontendlayer/tikz/libraries/tik
zlibrarypatterns.meta.code.tex
(/usr/share/texlive/texmf-dist/tex/generic/pgf/libraries/pgflibrarypatterns.met
a.code.tex))
(/usr/share/texlive/texmf-dist/tex/generic/pgf/frontendlayer/tikz/libraries/gra
phs/tikzlibrarygraphs.code.tex
File: tikzlibrarygraphs.code.tex 2023-01-15 v3.1.10 (3.1.10)
\tikz@lib@auto@number=\count391
\tikz@qnode@count=\count392
)
(/usr/share/texlive/texmf-dist/tex/generic/pgf/frontendlayer/tikz/libraries/tik
zlibraryfit.code.tex
File: tikzlibraryfit.code.tex 2023-01-15 v3.1.10 (3.1.10)
)
(/usr/share/texlive/texmf-dist/tex/generic/pgf/frontendlayer/tikz/libraries/tik
zlibrarycalc.code.tex
File: tikzlibrarycalc.code.tex 2023-01-15 v3.1.10 (3.1.10)
)
(/usr/share/texlive/texmf-dist/tex/latex/pgfplots/pgfplots.sty
(/usr/share/texlive/texmf-dist/tex/generic/pgfplots/pgfplots.revision.tex)
Package: pgfplots 2021/05/15 v1.18.1 Data Visualization (1.18.1)

(/usr/share/texlive/texmf-dist/tex/generic/pgfplots/pgfplots.code.tex
(/usr/share/texlive/texmf-dist/tex/generic/pgfplots/pgfplotscore.code.tex
\t@pgfplots@toka=\toks60
\t@pgfplots@tokb=\toks61
\t@pgfplots@tokc=\toks62
\pgfplots@tmpa=\dimen389
\c@pgfplots@coordindex=\count393
\c@pgfplots@scanlineindex=\count394

(/usr/share/texlive/texmf-dist/tex/generic/pgfplots/sys/pgfplotssysgeneric.code
.tex))
(/usr/share/texlive/texmf-dist/tex/generic/pgfplots/libs/pgfplotslibrary.code.t
ex)
(/usr/share/texlive/texmf-dist/tex/generic/pgfplots/oldpgfcompatib/pgfplotsoldp
gfsupp_loader.code.tex
Package pgfplots: loading complementary utilities for your pgf version...
\t@pgf@toka=\toks63
\t@pgf@tokb=\toks64
\t@pgf@tokc=\toks65

(/usr/share/texlive/texmf-dist/tex/generic/pgfplots/oldpgfcompatib/pgfplotsoldp
gfsupp_pgfutil-common-lists.tex))
(/usr/share/texlive/texmf-dist/tex/generic/pgfplots/util/pgfplotsutil.code.tex
(/usr/share/texlive/texmf-dist/tex/generic/pgfplots/liststructure/pgfplotslists
tructure.code.tex)
(/usr/share/texlive/texmf-dist/tex/generic/pgfplots/liststructure/pgfplotslists
tructureext.code.tex)
(/usr/share/texlive/texmf-dist/tex/generic/pgfplots/liststructure/pgfplotsarray
.code.tex
\c@pgfplotsarray@tmp=\count395
)
(/usr/share/texlive/texmf-dist/tex/generic/pgfplots/liststructure/pgfplotsmatri
x.code.tex)
(/usr/share/texlive/texmf-dist/tex/generic/pgfplots/numtable/pgfplotstableshare
d.code.tex
\c@pgfplotstable@counta=\count396
\t@pgfplotstable@a=\toks66
)
(/usr/share/texlive/texmf-dist/tex/generic/pgfplots/liststructure/pgfplotsdeque
.code.tex)
(/usr/share/texlive/texmf-dist/tex/generic/pgfplots/util/pgfplotsbinary.code.te
x
(/usr/share/texlive/texmf-dist/tex/generic/pgfplots/util/pgfplotsbinary.data.co
de.tex))
(/usr/share/texlive/texmf-dist/tex/generic/pgfplots/util/pgfplotsutil.verb.code
.tex)
(/usr/share/texlive/texmf-dist/tex/generic/pgfplots/libs/pgflibrarypgfplots.sur
fshading.code.tex
\c@pgfplotslibrarysurf@no=\count397

(/usr/share/texlive/texmf-dist/tex/generic/pgfplots/sys/pgflibrarypgfplots.surf
shading.pgfsys-pdftex.def)))
(/usr/share/texlive/texmf-dist/tex/generic/pgfplots/util/pgfplotscolormap.code.
tex
(/usr/share/texlive/texmf-dist/tex/generic/pgfplots/util/pgfplotscolor.code.tex
))
(/usr/share/texlive/texmf-dist/tex/generic/pgfplots/pgfplotsstackedplots.code.t
ex)
(/usr/share/texlive/texmf-dist/tex/generic/pgfplots/pgfplotsplothandlers.code.t
ex
(/usr/share/texlive/texmf-dist/tex/generic/pgfplots/pgfplotsmeshplothandler.cod
e.tex
(/usr/share/texlive/texmf-dist/tex/generic/pgfplots/pgfplotsmeshplotimage.code.
tex)))
(/usr/share/texlive/texmf-dist/tex/generic/pgfplots/pgfplots.scaling.code.tex)
(/usr/share/texlive/texmf-dist/tex/generic/pgfplots/pgfplotscoordprocessing.cod
e.tex)
(/usr/share/texlive/texmf-dist/tex/generic/pgfplots/pgfplots.errorbars.code.tex
) (/usr/share/texlive/texmf-dist/tex/generic/pgfplots/pgfplots.markers.code.tex
) (/usr/share/texlive/texmf-dist/tex/generic/pgfplots/pgfplotsticks.code.tex)
(/usr/share/texlive/texmf-dist/tex/generic/pgfplots/pgfplots.paths.code.tex)
(/usr/share/texlive/texmf-dist/tex/generic/pgf/frontendlayer/tikz/libraries/tik
zlibrarydecorations.pathmorphing.code.tex
(/usr/share/texlive/texmf-dist/tex/generic/pgf/libraries/decorations/pgflibrary
decorations.pathmorphing.code.tex))
(/usr/share/texlive/texmf-dist/tex/generic/pgfplots/libs/tikzlibrarypgfplots.co
ntourlua.code.tex)
\pgfplots@numplots=\count398
\pgfplots@xmin@reg=\dimen390
\pgfplots@xmax@reg=\dimen391
\pgfplots@ymin@reg=\dimen392
\pgfplots@ymax@reg=\dimen393
\pgfplots@zmin@reg=\dimen394
\pgfplots@zmax@reg=\dimen395
)
(/usr/share/texlive/texmf-dist/tex/generic/pgf/frontendlayer/tikz/libraries/tik
zlibraryplotmarks.code.tex
File: tikzlibraryplotmarks.code.tex 2023-01-15 v3.1.10 (3.1.10)

(/usr/share/texlive/texmf-dist/tex/generic/pgf/libraries/pgflibraryplotmarks.co
de.tex
File: pgflibraryplotmarks.code.tex 2023-01-15 v3.1.10 (3.1.10)
))) (/usr/share/texlive/texmf-dist/tex/latex/enumitem/enumitem.sty
Package: enumitem 2019/06/20 v3.9 Customized lists
\labelindent=\skip126
\enit@outerparindent=\dimen396
\enit@toks=\toks67
\enit@inbox=\box112
\enit@count@id=\count399
\enitdp@description=\count400
)
(/usr/share/texlive/texmf-dist/tex/latex/setspace/setspace.sty
Package: setspace 2022/12/04 v6.7b set line spacing
)
(/usr/share/texlive/texmf-dist/tex/latex/totalcount/totalcount.sty
Package: totalcount 2018/01/21 v1.0a Total values of counters (AR)
\c@totalcount@figure=\count401
\c@totalcount@table=\count402
\c@totalcount@section=\count403
)
\c@totalcount@listing=\count404

(/usr/share/texlive/texmf-dist/tex/latex/totcount/totcount.sty
Package: totcount 2011/01/25 v1.2 package for gettingthe total value of LaTeX c
ounters
)
(/usr/share/texlive/texmf-dist/tex/latex/totpages/totpages.sty
Package: totpages 2005/09/19 v2.00 Totpages Package (muewi)

(/usr/share/texlive/texmf-dist/tex/latex/everyshi/everyshi.sty
Package: everyshi 2020/11/18 v4.00 EveryShipout Package
))
(/usr/share/texlive/texmf-dist/tex/latex/hyperref/hyperref.sty
Package: hyperref 2022-11-13 v7.00u Hypertext links for LaTeX

(/usr/share/texlive/texmf-dist/tex/generic/kvdefinekeys/kvdefinekeys.sty
Package: kvdefinekeys 2019-12-19 v1.6 Define keys (HO)
)
(/usr/share/texlive/texmf-dist/tex/generic/pdfescape/pdfescape.sty
Package: pdfescape 2019/12/09 v1.15 Implements pdfTeX's escape features (HO)
)
(/usr/share/texlive/texmf-dist/tex/latex/hycolor/hycolor.sty
Package: hycolor 2020-01-27 v1.10 Color options for hyperref/bookmark (HO)
)
(/usr/share/texlive/texmf-dist/tex/latex/letltxmacro/letltxmacro.sty
Package: letltxmacro 2019/12/03 v1.6 Let assignment for LaTeX macros (HO)
)
(/usr/share/texlive/texmf-dist/tex/latex/auxhook/auxhook.sty
Package: auxhook 2019-12-17 v1.6 Hooks for auxiliary files (HO)
)
(/usr/share/texlive/texmf-dist/tex/latex/hyperref/nameref.sty
Package: nameref 2022-05-17 v2.50 Cross-referencing by name of section

(/usr/share/texlive/texmf-dist/tex/latex/refcount/refcount.sty
Package: refcount 2019/12/15 v3.6 Data extraction from label references (HO)
)
(/usr/share/texlive/texmf-dist/tex/generic/gettitlestring/gettitlestring.sty
Package: gettitlestring 2019/12/15 v1.6 Cleanup title references (HO)
)
\c@section@level=\count405
)
\@linkdim=\dimen397
\Hy@linkcounter=\count406
\Hy@pagecounter=\count407

(/usr/share/texlive/texmf-dist/tex/latex/hyperref/pd1enc.def
File: pd1enc.def 2022-11-13 v7.00u Hyperref: PDFDocEncoding definition (HO)
Now handling font encoding PD1 ...
... no UTF-8 mapping file for font encoding PD1
)
(/usr/share/texlive/texmf-dist/tex/generic/intcalc/intcalc.sty
Package: intcalc 2019/12/15 v1.3 Expandable calculations with integers (HO)
)
\Hy@SavedSpaceFactor=\count408

(/usr/share/texlive/texmf-dist/tex/latex/hyperref/puenc.def
File: puenc.def 2022-11-13 v7.00u Hyperref: PDF Unicode definition (HO)
Now handling font encoding PU ...
... no UTF-8 mapping file for font encoding PU

(/usr/share/texlive/texmf-dist/tex/latex/hyperref/puenc-greekbasic.def
File: puenc-greekbasic.def 2022-11-13 v7.00u Hyperref: PDF Unicode definition (
greek block) (HO)
))
Package hyperref Info: Hyper figures OFF on input line 4162.
Package hyperref Info: Link nesting OFF on input line 4167.
Package hyperref Info: Hyper index ON on input line 4170.
Package hyperref Info: Plain pages OFF on input line 4177.
Package hyperref Info: Backreferencing OFF on input line 4182.
Package hyperref Info: Implicit mode ON; LaTeX internals redefined.
Package hyperref Info: Bookmarks ON on input line 4410.
\c@Hy@tempcnt=\count409

(/usr/share/texlive/texmf-dist/tex/latex/url/url.sty
\Urlmuskip=\muskip17
Package: url 2013/09/16  ver 3.4  Verb mode for urls, etc.
)
LaTeX Info: Redefining \url on input line 4748.
\XeTeXLinkMargin=\dimen398

(/usr/share/texlive/texmf-dist/tex/generic/bitset/bitset.sty
Package: bitset 2019/12/09 v1.3 Handle bit-vector datatype (HO)

(/usr/share/texlive/texmf-dist/tex/generic/bigintcalc/bigintcalc.sty
Package: bigintcalc 2019/12/15 v1.5 Expandable calculations on big integers (HO
)
))
\Fld@menulength=\count410
\Field@Width=\dimen399
\Fld@charsize=\dimen400
Package hyperref Info: Hyper figures OFF on input line 6027.
Package hyperref Info: Link nesting OFF on input line 6032.
Package hyperref Info: Hyper index ON on input line 6035.
Package hyperref Info: backreferencing OFF on input line 6042.
Package hyperref Info: Link coloring OFF on input line 6047.
Package hyperref Info: Link coloring with OCG OFF on input line 6052.
Package hyperref Info: PDF/A mode OFF on input line 6057.

(/usr/share/texlive/texmf-dist/tex/latex/base/atbegshi-ltx.sty
Package: atbegshi-ltx 2021/01/10 v1.0c Emulation of the original atbegshi
package with kernel methods
)
\Hy@abspage=\count411
\c@Item=\count412
\c@Hfootnote=\count413
)
Package hyperref Info: Driver (autodetected): hpdftex.

(/usr/share/texlive/texmf-dist/tex/latex/hyperref/hpdftex.def
File: hpdftex.def 2022-11-13 v7.00u Hyperref driver for pdfTeX

(/usr/share/texlive/texmf-dist/tex/latex/base/atveryend-ltx.sty
Package: atveryend-ltx 2020/08/19 v1.0a Emulation of the original atveryend pac
kage
with kernel methods
)
\Fld@listcount=\count414
\c@bookmark@seq@number=\count415

(/usr/share/texlive/texmf-dist/tex/latex/rerunfilecheck/rerunfilecheck.sty
Package: rerunfilecheck 2022-07-10 v1.10 Rerun checks for auxiliary files (HO)

(/usr/share/texlive/texmf-dist/tex/generic/uniquecounter/uniquecounter.sty
Package: uniquecounter 2019/12/15 v1.4 Provide unlimited unique counter (HO)
)
Package uniquecounter Info: New unique counter `rerunfilecheck' on input line 2
85.
)
\Hy@SectionHShift=\skip127
)
\c@intvl=\count416
\c@otstup=\count417
\c@contnumeq=\count418
\c@contnumfig=\count419
\c@contnumtab=\count420
\c@pgnum=\count421
\c@bibliosel=\count422
\c@chapstyle=\count423
\c@headingdelim=\count424
\c@headingalign=\count425
\c@headingsize=\count426
\c@tabcap=\count427
\c@tablaba=\count428
\c@tabtita=\count429
Package hyperref Info: Option `linktocpage' set `true' on input line 204.
Package hyperref Info: Option `plainpages' set `true' on input line 204.
Package hyperref Info: Option `colorlinks' set `true' on input line 204.

(/usr/share/texlive/texmf-dist/tex/latex/ragged2e/ragged2e.sty
Package: ragged2e 2022/11/13 v3.2 ragged2e Package
\CenteringLeftskip=\skip128
\RaggedLeftLeftskip=\skip129
\RaggedRightLeftskip=\skip130
\CenteringRightskip=\skip131
\RaggedLeftRightskip=\skip132
\RaggedRightRightskip=\skip133
\CenteringParfillskip=\skip134
\RaggedLeftParfillskip=\skip135
\RaggedRightParfillskip=\skip136
\JustifyingParfillskip=\skip137
\CenteringParindent=\skip138
\RaggedLeftParindent=\skip139
\RaggedRightParindent=\skip140
\JustifyingParindent=\skip141
)

Class scrartcl Warning: Usage of package `titlesec' together
(scrartcl)              with a KOMA-Script class is not recommended.
(scrartcl)              I'd suggest to use KOMA-Script features
(scrartcl)              like \setkomafont, \RedeclareSectionCommand, \sectionli
nesformat
(scrartcl)              and several others to re-configure section
(scrartcl)              headings.
(scrartcl)              Nevertheless, using requested
(scrartcl)              package `titlesec' on input line 212.

(/usr/share/texlive/texmf-dist/tex/latex/titlesec/titlesec.sty
Package: titlesec 2021/07/05 v2.14 Sectioning titles
\ttl@box=\box113
\beforetitleunit=\skip142
\aftertitleunit=\skip143
\ttl@plus=\dimen401
\ttl@minus=\dimen402
\ttl@toksa=\toks68
\titlewidth=\dimen403
\titlewidthlast=\dimen404
\titlewidthfirst=\dimen405


Package titlesec Warning: Non standard sectioning command \section
(titlesec)                detected. Using default spacing and no format.


Package titlesec Warning: Non standard sectioning command \subsection
(titlesec)                detected. Using default spacing and no format.


Package titlesec Warning: Non standard sectioning command \subsubsection
(titlesec)                detected. Using default spacing and no format.


Package titlesec Warning: Non standard sectioning command \paragraph
(titlesec)                detected. Using default spacing and no format.


Package titlesec Warning: Non standard sectioning command \subparagraph
(titlesec)                detected. Using default spacing and no format.

)
\pgf@layerbox@foreground=\box114
\pgf@layerboxsaved@foreground=\box115
 (/usr/share/texlive/texmf-dist/tex/latex/algorithms/algorithm.sty
Package: algorithm 2009/08/24 v0.1 Document Style `algorithm' - floating enviro
nment
\@float@every@algorithm=\toks69
\c@algorithm=\count430
)
(/usr/share/texlive/texmf-dist/tex/latex/algorithmicx/algorithmicx.sty
Package: algorithmicx 2005/04/27 v1.2 Algorithmicx

Document Style algorithmicx 1.2 - a greatly improved `algorithmic' style
\c@ALG@line=\count431
\c@ALG@rem=\count432
\c@ALG@nested=\count433
\ALG@tlm=\skip144
\ALG@thistlm=\skip145
\c@ALG@Lnr=\count434
\c@ALG@blocknr=\count435
\c@ALG@storecount=\count436
\c@ALG@tmpcounter=\count437
\ALG@tmplength=\skip146
) (/usr/share/texlive/texmf-dist/tex/latex/algorithmicx/algpseudocode.sty
Package: algpseudocode 

Document Style - pseudocode environments for use with the `algorithmicx' style
) (/usr/share/texlive/texmf-dist/tex/latex/tools/tabularx.sty
Package: tabularx 2020/01/15 v2.11c `tabularx' package (DPC)
\TX@col@width=\dimen406
\TX@old@table=\dimen407
\TX@old@col=\dimen408
\TX@target=\dimen409
\TX@delta=\dimen410
\TX@cols=\count438
\TX@ftn=\toks70
)
(/usr/share/texlive/texmf-dist/tex/latex/biblatex/biblatex.sty
Package: biblatex 2022/07/12 v3.18b programmable bibliographies (PK/MW)

(/usr/share/texlive/texmf-dist/tex/latex/logreq/logreq.sty
Package: logreq 2010/08/04 v1.0 xml request logger
\lrq@indent=\count439

(/usr/share/texlive/texmf-dist/tex/latex/logreq/logreq.def
File: logreq.def 2010/08/04 v1.0 logreq spec v1.0
))
\c@tabx@nest=\count440
\c@listtotal=\count441
\c@listcount=\count442
\c@liststart=\count443
\c@liststop=\count444
\c@citecount=\count445
\c@citetotal=\count446
\c@multicitecount=\count447
\c@multicitetotal=\count448
\c@instcount=\count449
\c@maxnames=\count450
\c@minnames=\count451
\c@maxitems=\count452
\c@minitems=\count453
\c@citecounter=\count454
\c@maxcitecounter=\count455
\c@savedcitecounter=\count456
\c@uniquelist=\count457
\c@uniquename=\count458
\c@refsection=\count459
\c@refsegment=\count460
\c@maxextratitle=\count461
\c@maxextratitleyear=\count462
\c@maxextraname=\count463
\c@maxextradate=\count464
\c@maxextraalpha=\count465
\c@abbrvpenalty=\count466
\c@highnamepenalty=\count467
\c@lownamepenalty=\count468
\c@maxparens=\count469
\c@parenlevel=\count470
\blx@tempcnta=\count471
\blx@tempcntb=\count472
\blx@tempcntc=\count473
\c@blx@maxsection=\count474
\blx@maxsegment@0=\count475
\blx@notetype=\count476
\blx@parenlevel@text=\count477
\blx@parenlevel@foot=\count478
\blx@sectionciteorder@0=\count479
\blx@sectionciteorderinternal@0=\count480
\blx@entrysetcounter=\count481
\blx@biblioinstance=\count482
\labelnumberwidth=\skip147
\labelalphawidth=\skip148
\biblabelsep=\skip149
\bibitemsep=\skip150
\bibnamesep=\skip151
\bibinitsep=\skip152
\bibparsep=\skip153
\bibhang=\skip154
\blx@bcfin=\read6
\blx@bcfout=\write6
\blx@langwohyphens=\language88
\c@mincomprange=\count483
\c@maxcomprange=\count484
\c@mincompwidth=\count485
Package biblatex Info: Trying to load biblatex default data model...
Package biblatex Info: ... file 'blx-dm.def' found.

(/usr/share/texlive/texmf-dist/tex/latex/biblatex/blx-dm.def
File: blx-dm.def 2022/07/12 v3.18b biblatex localization (PK/MW)
)
Package biblatex Info: Trying to load biblatex bibstyle data model...
Package biblatex Info: ... file 'gost-numeric.dbx' found.

(/usr/share/texlive/texmf-dist/tex/latex/biblatex-gost/gost-numeric.dbx
File: gost-numeric.dbx 2021/05/08 v1.22 biblatex-gost data model
Package biblatex Info: Trying to load biblatex-gost data model...
Package biblatex Info: ... file 'biblatex-gost.dbx' found.

(/usr/share/texlive/texmf-dist/tex/latex/biblatex-gost/biblatex-gost.dbx
File: biblatex-gost.dbx 2021/05/08 v1.22 biblatex-gost data model
))
Package biblatex Info: Trying to load biblatex custom data model...
Package biblatex Info: ... file 'biblatex-dm.cfg' not found.
\c@afterword=\count486
\c@savedafterword=\count487
\c@annotator=\count488
\c@savedannotator=\count489
\c@author=\count490
\c@savedauthor=\count491
\c@bookauthor=\count492
\c@savedbookauthor=\count493
\c@commentator=\count494
\c@savedcommentator=\count495
\c@editor=\count496
\c@savededitor=\count497
\c@editora=\count498
\c@savededitora=\count499
\c@editorb=\count500
\c@savededitorb=\count501
\c@editorc=\count502
\c@savededitorc=\count503
\c@foreword=\count504
\c@savedforeword=\count505
\c@holder=\count506
\c@savedholder=\count507
\c@introduction=\count508
\c@savedintroduction=\count509
\c@namea=\count510
\c@savednamea=\count511
\c@nameb=\count512
\c@savednameb=\count513
\c@namec=\count514
\c@savednamec=\count515
\c@translator=\count516
\c@savedtranslator=\count517
\c@shortauthor=\count518
\c@savedshortauthor=\count519
\c@shorteditor=\count520
\c@savedshorteditor=\count521
\c@booktranslator=\count522
\c@savedbooktranslator=\count523
\c@bookcommentator=\count524
\c@savedbookcommentator=\count525
\c@bookannotator=\count526
\c@savedbookannotator=\count527
\c@bookintroduction=\count528
\c@savedbookintroduction=\count529
\c@bookforeword=\count530
\c@savedbookforeword=\count531
\c@bookafterword=\count532
\c@savedbookafterword=\count533
\c@labelname=\count534
\c@savedlabelname=\count535
\c@institution=\count536
\c@savedinstitution=\count537
\c@lista=\count538
\c@savedlista=\count539
\c@listb=\count540
\c@savedlistb=\count541
\c@listc=\count542
\c@savedlistc=\count543
\c@listd=\count544
\c@savedlistd=\count545
\c@liste=\count546
\c@savedliste=\count547
\c@listf=\count548
\c@savedlistf=\count549
\c@location=\count550
\c@savedlocation=\count551
\c@organization=\count552
\c@savedorganization=\count553
\c@origlocation=\count554
\c@savedoriglocation=\count555
\c@origpublisher=\count556
\c@savedorigpublisher=\count557
\c@publisher=\count558
\c@savedpublisher=\count559
\c@language=\count560
\c@savedlanguage=\count561
\c@origlanguage=\count562
\c@savedoriglanguage=\count563
\c@bookoriglanguage=\count564
\c@savedbookoriglanguage=\count565
\c@specdata=\count566
\c@savedspecdata=\count567
\c@credits=\count568
\c@savedcredits=\count569
\c@bookcredits=\count570
\c@savedbookcredits=\count571
\c@editioncredits=\count572
\c@savededitioncredits=\count573
\c@pageref=\count574
\c@savedpageref=\count575
\shorthandwidth=\skip155
\shortjournalwidth=\skip156
\shortserieswidth=\skip157
\shorttitlewidth=\skip158
\shortauthorwidth=\skip159
\shorteditorwidth=\skip160
\locallabelnumberwidth=\skip161
\locallabelalphawidth=\skip162
\localshorthandwidth=\skip163
\localshortjournalwidth=\skip164
\localshortserieswidth=\skip165
\localshorttitlewidth=\skip166
\localshortauthorwidth=\skip167
\localshorteditorwidth=\skip168
Package biblatex Info: Trying to load compatibility code...
Package biblatex Info: ... file 'blx-compat.def' found.

(/usr/share/texlive/texmf-dist/tex/latex/biblatex/blx-compat.def
File: blx-compat.def 2022/07/12 v3.18b biblatex compatibility (PK/MW)
)
Package biblatex Info: Trying to load generic definitions...
Package biblatex Info: ... file 'biblatex.def' found.

(/usr/share/texlive/texmf-dist/tex/latex/biblatex/biblatex.def
File: biblatex.def 2022/07/12 v3.18b biblatex compatibility (PK/MW)
\c@textcitecount=\count576
\c@textcitetotal=\count577
\c@textcitemaxnames=\count578
\c@biburlbigbreakpenalty=\count579
\c@biburlbreakpenalty=\count580
\c@biburlnumpenalty=\count581
\c@biburlucpenalty=\count582
\c@biburllcpenalty=\count583
\biburlbigskip=\muskip18
\biburlnumskip=\muskip19
\biburlucskip=\muskip20
\biburllcskip=\muskip21
\c@smartand=\count584
)
Package biblatex Info: Trying to load bibliography style 'gost-numeric'...
Package biblatex Info: ... file 'gost-numeric.bbx' found.

(/usr/share/texlive/texmf-dist/tex/latex/biblatex-gost/gost-numeric.bbx
File: gost-numeric.bbx 2021/05/08 v1.22 biblatex-gost styles
Package biblatex Info: Trying to load bibliography style 'gost-standard'...
Package biblatex Info: ... file 'gost-standard.bbx' found.

(/usr/share/texlive/texmf-dist/tex/latex/biblatex-gost/gost-standard.bbx
File: gost-standard.bbx 2021/05/08 v1.22 biblatex-gost styles
Package biblatex Info: Trying to load biblatex-gost generic definitions...
Package biblatex Info: ... file 'biblatex-gost.def' found.

(/usr/share/texlive/texmf-dist/tex/latex/biblatex-gost/biblatex-gost.def
File: biblatex-gost.def 2021/05/08 v1.22 biblatex-gost styles
)
\c@blx@gost@pointer=\count585
\c@bbx:relatedcount=\count586
\c@bbx:relatedtotal=\count587
Package biblatex Info: Redefining autocite command 'footnote'.
Package biblatex Info: Redefining autocite command 'superscript'.
))
Package biblatex Info: Trying to load citation style 'numeric'...
Package biblatex Info: ... file 'numeric.cbx' found.

(/usr/share/texlive/texmf-dist/tex/latex/biblatex/cbx/numeric.cbx
File: numeric.cbx 2022/07/12 v3.18b biblatex citation style (PK/MW)
Package biblatex Info: Redefining '\cite'.
Package biblatex Info: Redefining '\parencite'.
Package biblatex Info: Redefining '\footcite'.
Package biblatex Info: Redefining '\footcitetext'.
Package biblatex Info: Redefining '\smartcite'.
Package biblatex Info: Redefining '\supercite'.
Package biblatex Info: Redefining '\textcite'.
Package biblatex Info: Redefining '\textcites'.
Package biblatex Info: Redefining '\cites'.
Package biblatex Info: Redefining '\parencites'.
Package biblatex Info: Redefining '\smartcites'.
)
Package biblatex Info: Trying to load configuration file...
Package biblatex Info: ... file 'biblatex.cfg' found.

(/usr/share/texlive/texmf-dist/tex/latex/biblatex/biblatex.cfg
File: biblatex.cfg 
)
Package biblatex Info: Input encoding 'utf8' detected.
Package biblatex Info: Document encoding is UTF8 ....
Package biblatex Info: ... and expl3
(biblatex)             2023-01-16 L3 programming layer (loader) 
(biblatex)             is new enough (at least 2020/04/06),
(biblatex)             setting 'casechanger=expl3'.

(/usr/share/texlive/texmf-dist/tex/latex/biblatex/blx-case-expl3.sty
Package: blx-case-expl3 2022/07/12 v3.18b expl3 case changing code for biblatex

))
(/usr/share/texlive/texmf-dist/tex/latex/psnfss/pifont.sty
Package: pifont 2020/03/25 PSNFSS-v9.3 Pi font support (SPQR) 
LaTeX Font Info:    Trying to load font information for U+pzd on input line 63.


(/usr/share/texlive/texmf-dist/tex/latex/psnfss/upzd.fd
File: upzd.fd 2001/06/04 font definitions for U/pzd.
)
LaTeX Font Info:    Trying to load font information for U+psy on input line 64.


(/usr/share/texlive/texmf-dist/tex/latex/psnfss/upsy.fd
File: upsy.fd 2001/06/04 font definitions for U/psy.
)))
(/usr/share/texlive/texmf-dist/tex/latex/placeins/placeins.sty
Package: placeins 2005/04/18  v 2.2
)
\c@cTheorem=\count588
\c@cDefinition=\count589
\c@cConsequent=\count590
\c@cExample=\count591
\c@cLemma=\count592
\c@cConjecture=\count593
\c@cProposition=\count594
\c@cRemark=\count595
\c@Theorem=\count596
\c@Definition=\count597
\c@Consequent=\count598
\c@Example=\count599
\c@Lemma=\count600
\c@Conjecture=\count601
\c@Proposition=\count602
\c@Remark=\count603
\spacebox=\box116
LaTeX Font Info:    Trying to load font information for T1+cmtt on input line 8
2.

(/usr/share/texlive/texmf-dist/tex/latex/base/t1cmtt.fd
File: t1cmtt.fd 2022/07/10 v2.5l Standard LaTeX font definitions
)
runsystem(which pygmentize && touch main.aex)...disabled (restricted).



! Package minted Error: You must have `pygmentize' installed to use this packag
e.

See the minted package documentation for explanation.
Type  H <return>  for immediate help.
 ...                                              
                                                  
l.120 \begin{document}
                      
Refer to the installation instructions in the minted documentation for more inf
ormation.


Package biblatex Warning: hyperref package option 'plainpages' enabled.
(biblatex)                This may cause problems with hyperlinked back
(biblatex)                references. 'plainpages=false' is recommended.


Package biblatex Warning: 'babel/polyglossia' detected but 'csquotes' missing.
(biblatex)                Loading 'csquotes' recommended.

\@quotelevel=\count604
\@quotereset=\count605
(./main.aux
LaTeX Font Info:    Trying to load font information for T2A+Tempora-TLF on inpu
t line 25.
 (/usr/share/texlive/texmf-dist/tex/latex/tempora/t2atempora-tlf.fd
File: t2atempora-tlf.fd 2015/09/13 Font definitions for T2A/Tempora-TLF.
)
LaTeX Font Info:    Font shape `T2A/Tempora-TLF/m/n' will be
(Font)              scaled to size 14.0pt on input line 25.
<<t2a.cmap>>)
\openout1 = `main.aux'.

LaTeX Font Info:    Checking defaults for OML/cmm/m/it on input line 120.
LaTeX Font Info:    ... okay on input line 120.
LaTeX Font Info:    Checking defaults for OMS/cmsy/m/n on input line 120.
LaTeX Font Info:    ... okay on input line 120.
LaTeX Font Info:    Checking defaults for OT1/cmr/m/n on input line 120.
LaTeX Font Info:    ... okay on input line 120.
LaTeX Font Info:    Checking defaults for T1/cmr/m/n on input line 120.
LaTeX Font Info:    ... okay on input line 120.
LaTeX Font Info:    Checking defaults for TS1/cmr/m/n on input line 120.
LaTeX Font Info:    ... okay on input line 120.
LaTeX Font Info:    Checking defaults for OMX/cmex/m/n on input line 120.
LaTeX Font Info:    ... okay on input line 120.
LaTeX Font Info:    Checking defaults for U/cmr/m/n on input line 120.
LaTeX Font Info:    ... okay on input line 120.
LaTeX Font Info:    Checking defaults for OT2/cmr/m/n on input line 120.
LaTeX Font Info:    Trying to load font information for OT2+cmr on input line 1
20.
 (/usr/share/texlive/texmf-dist/tex/latex/cyrillic/ot2cmr.fd
File: ot2cmr.fd 2001/08/11 v3.2c Computer Modern Cyrillic font definitions
)
LaTeX Font Info:    ... okay on input line 120.
LaTeX Font Info:    Checking defaults for T2C/cmr/m/n on input line 120.
LaTeX Font Info:    Trying to load font information for T2C+cmr on input line 1
20.

(/usr/share/texlive/texmf-dist/tex/latex/cyrillic/t2ccmr.fd
File: t2ccmr.fd 2001/08/11 v1.0a Computer Modern Cyrillic font definitions
)
LaTeX Font Info:    ... okay on input line 120.
LaTeX Font Info:    Checking defaults for T2B/cmr/m/n on input line 120.
LaTeX Font Info:    Trying to load font information for T2B+cmr on input line 1
20.

(/usr/share/texlive/texmf-dist/tex/latex/cyrillic/t2bcmr.fd
File: t2bcmr.fd 2001/08/11 v1.0a Computer Modern Cyrillic font definitions
)
LaTeX Font Info:    ... okay on input line 120.
LaTeX Font Info:    Checking defaults for T2A/cmr/m/n on input line 120.
LaTeX Font Info:    Trying to load font information for T2A+cmr on input line 1
20.

(/usr/share/texlive/texmf-dist/tex/latex/cyrillic/t2acmr.fd
File: t2acmr.fd 2001/08/11 v1.0a Computer Modern Cyrillic font definitions
)
LaTeX Font Info:    ... okay on input line 120.
LaTeX Font Info:    Checking defaults for LGR/cmr/m/n on input line 120.
LaTeX Font Info:    Trying to load font information for LGR+cmr on input line 1
20.

(/usr/share/texlive/texmf-dist/tex/latex/cbfonts-fd/lgrcmr.fd
File: lgrcmr.fd 2017/07/29 v1.2 Greek European Computer Regular
)
LaTeX Font Info:    ... okay on input line 120.
LaTeX Font Info:    Checking defaults for PD1/pdf/m/n on input line 120.
LaTeX Font Info:    ... okay on input line 120.
LaTeX Font Info:    Checking defaults for PU/pdf/m/n on input line 120.
LaTeX Font Info:    ... okay on input line 120.

(/usr/share/texlive/texmf-dist/tex/context/base/mkii/supp-pdf.mkii
[Loading MPS to PDF converter (version 2006.09.02).]
\scratchcounter=\count606
\scratchdimen=\dimen411
\scratchbox=\box117
\nofMPsegments=\count607
\nofMParguments=\count608
\everyMPshowfont=\toks71
\MPscratchCnt=\count609
\MPscratchDim=\dimen412
\MPnumerator=\count610
\makeMPintoPDFobject=\count611
\everyMPtoPDFconversion=\toks72
) (/usr/share/texlive/texmf-dist/tex/latex/epstopdf-pkg/epstopdf-base.sty
Package: epstopdf-base 2020-01-24 v2.11 Base part for package epstopdf
Package epstopdf-base Info: Redefining graphics rule for `.eps' on input line 4
85.

(/usr/share/texlive/texmf-dist/tex/latex/latexconfig/epstopdf-sys.cfg
File: epstopdf-sys.cfg 2010/07/13 v1.3 Configuration of (r)epstopdf for TeX Liv
e
))
Package caption Info: Begin \AtBeginDocument code.
Package caption Info: subfig package v1.3 is loaded.
Package caption Info: hyperref package is loaded.
Package caption Info: longtable package is loaded.

(/usr/share/texlive/texmf-dist/tex/latex/caption/ltcaption.sty
Package: ltcaption 2021/01/08 v1.4c longtable captions (AR)
)
Package caption Info: End \AtBeginDocument code.
Package newfloat Info: `float' package detected.

*geometry* driver: auto-detecting
*geometry* detected driver: pdftex
*geometry* verbose mode - [ preamble ] result:
* driver: pdftex
* paper: a4paper
* layout: <same size as paper>
* layoutoffset:(h,v)=(0.0pt,0.0pt)
* modes: 
* h-part:(L,W,R)=(85.35826pt, 483.69687pt, 28.45274pt)
* v-part:(T,H,B)=(56.9055pt, 731.23584pt, 56.9055pt)
* \paperwidth=597.50787pt
* \paperheight=845.04684pt
* \textwidth=483.69687pt
* \textheight=731.23584pt
* \oddsidemargin=13.08827pt
* \evensidemargin=13.08827pt
* \topmargin=-54.36449pt
* \headheight=14.0pt
* \headsep=25.0pt
* \topskip=14.0pt
* \footskip=30.0pt
* \marginparwidth=15.0pt
* \marginparsep=10.0pt
* \columnsep=10.0pt
* \skip\footins=12.59991pt plus 4.66617pt minus 8.40009pt
* \hoffset=0.0pt
* \voffset=0.0pt
* \mag=1000
* \@twocolumnfalse
* \@twosidefalse
* \@mparswitchfalse
* \@reversemarginfalse
* (1in=72.27pt=25.4mm, 1cm=28.453pt)

\c@mv@tabular=\count612
\c@mv@boldtabular=\count613
LaTeX Info: Redefining \th on input line 120.
LaTeX Font Info:    Calculating math sizes for size <14> on input line 120.
<<ot1.cmap>><<oml.cmap>><<oms.cmap>><<omx.cmap>>
LaTeX Font Info:    Trying to load font information for U+rsfs on input line 12
0.

(/usr/share/texlive/texmf-dist/tex/latex/jknapltx/ursfs.fd
File: ursfs.fd 1998/03/24 rsfs font definition file (jk)
)
LaTeX Font Info:    Trying to load font information for U+msa on input line 120
.

(/usr/share/texlive/texmf-dist/tex/latex/amsfonts/umsa.fd
File: umsa.fd 2013/01/14 v3.01 AMS symbols A
)
LaTeX Font Info:    Trying to load font information for U+msb on input line 120
.

(/usr/share/texlive/texmf-dist/tex/latex/amsfonts/umsb.fd
File: umsb.fd 2013/01/14 v3.01 AMS symbols B
)
\c@tabularnotesi=\count614
\enitdp@tabularnotes=\count615
\c@tabularnotes*i=\count616
\enitdp@tabularnotes*=\count617

Package pgfplots notification 'compat/show suggested version=true': document ha
s been generated with the most recent feature set (\pgfplotsset{compat=1.18}).

Package hyperref Info: Link coloring ON on input line 120.
(./main.out) (./main.out)
\@outlinefile=\write7
\openout7 = `main.out'.

Class scrartcl Info: loading recommended package `bookmark'.
(scrartcl)           Using `bookmark' together with `hyperref' is recommended,
(scrartcl)           because of handling of possible bookmark level gaps.
(scrartcl)           You can avoid loading `bookmark' with KOMA-Script option
(scrartcl)           `bookmarkpackage=false' before \begin{document} and
(scrartcl)           you can avoid this message adding:
(scrartcl)             \usepackage{bookmark}
(scrartcl)           before \begin{document} on input line 120.

(/usr/share/texlive/texmf-dist/tex/latex/bookmark/bookmark.sty
Package: bookmark 2020-11-06 v1.29 PDF bookmarks (HO)

(/usr/share/texlive/texmf-dist/tex/latex/bookmark/bkm-pdftex.def
File: bkm-pdftex.def 2020-11-06 v1.29 bookmark driver for pdfTeX (HO)
\BKM@id=\count618
))
Package biblatex Info: Trying to load language 'russian' -> 'russian-gost'...
Package biblatex Info: ... file 'russian-gost.lbx' found.

(/usr/share/texlive/texmf-dist/tex/latex/biblatex-gost/russian-gost.lbx
File: russian-gost.lbx 2021/05/08 v1.22 biblatex-gost styles
Package biblatex Info: Trying to load language 'russian'...
Package biblatex Info: ... file 'russian.lbx' found.

(/usr/share/texlive/texmf-dist/tex/latex/biblatex/lbx/russian.lbx
File: russian.lbx 2022/07/12 v3.18b biblatex localization (PK/MW)
)
Package biblatex Info: Trying to load language 'russian'...
Package biblatex Info: ... file 'russian.lbx' found.

(/usr/share/texlive/texmf-dist/tex/latex/biblatex/lbx/russian.lbx
File: russian.lbx 2022/07/12 v3.18b biblatex localization (PK/MW)
))
Package biblatex Info: Trying to load language 'english' -> 'english-gost'...
Package biblatex Info: ... file 'english-gost.lbx' found.

(/usr/share/texlive/texmf-dist/tex/latex/biblatex-gost/english-gost.lbx
File: english-gost.lbx 2021/05/08 v1.22 biblatex-gost styles
Package biblatex Info: Trying to load language 'english'...
Package biblatex Info: ... file 'english.lbx' found.

(/usr/share/texlive/texmf-dist/tex/latex/biblatex/lbx/english.lbx
File: english.lbx 2022/07/12 v3.18b biblatex localization (PK/MW)
)
Package biblatex Info: Trying to load language 'english'...
Package biblatex Info: ... file 'english.lbx' found.

(/usr/share/texlive/texmf-dist/tex/latex/biblatex/lbx/english.lbx
File: english.lbx 2022/07/12 v3.18b biblatex localization (PK/MW)
))
Package biblatex Info: Input encoding 'utf8' detected.
Package biblatex Info: Automatic encoding selection.
(biblatex)             Assuming data encoding 'utf8'.
\openout6 = `main.bcf'.

Package biblatex Info: Trying to load bibliographic data...
Package biblatex Info: ... file 'main.bbl' not found.

No file main.bbl.
Package biblatex Info: Reference section=0 on input line 120.
Package biblatex Info: Reference segment=0 on input line 120.
LaTeX Font Info:    Font shape `T2A/Tempora-TLF/m/n' will be
(Font)              scaled to size 20.16003pt on input line 124.
LaTeX Font Info:    Trying to load font information for T2A+cmss on input line 
124.
(/usr/share/texlive/texmf-dist/tex/latex/cyrillic/t2acmss.fd
File: t2acmss.fd 2001/08/11 v1.0a Computer Modern Cyrillic font definitions
)

LaTeX Font Warning: Font shape `T2A/cmss/m/n' in size <20.16003> not available
(Font)              size <20.74> substituted on input line 124.


LaTeX Font Warning: Font shape `T2A/cmss/bx/n' in size <20.16003> not available

(Font)              size <20.74> substituted on input line 124.

(./main.toc
LaTeX Font Info:    Font shape `T2A/Tempora-TLF/m/n' will be
(Font)              scaled to size 16.79996pt on input line 3.
LaTeX Font Info:    Font shape `T2A/Tempora-TLF/b/n' will be
(Font)              scaled to size 14.0pt on input line 3.
)
\tf@toc=\write8
\openout8 = `main.toc'.

 [1.1

{/var/lib/texmf/fonts/map/pdftex/updmap/pdftex.map}] [2.2

]
LaTeX Font Info:    Font shape `T2A/Tempora-TLF/b/n' will be
(Font)              scaled to size 20.16003pt on input line 133.
LaTeX Font Info:    Trying to load font information for T2A+cmtt on input line 
151.

(/usr/share/texlive/texmf-dist/tex/latex/cyrillic/t2acmtt.fd
File: t2acmtt.fd 2001/08/11 v1.0a Computer Modern Cyrillic font definitions
)
Package hyperref Info: bookmark level for unknown listing defaults to 0 on inpu
t line 154.
\openout3 = `main.pyg'.

runsystem(pygmentize -S refal -f latex -P commandprefix=PYG > build/main.out.py
g)...disabled (restricted).



! Package catchfile Error: File `build/main.out.pyg' not found.

See the catchfile package documentation for explanation.
Type  H <return>  for immediate help.
 ...                                              
                                                  
l.163   \end{minted}
                    
Try typing  <return>  to proceed.
If that doesn't work, type  X <return>  to quit.

runsystem(pygmentize -S refal -f latex -P commandprefix=PYG > build/main.out.py
g)...disabled (restricted).


! Package catchfile Error: File `build/main.out.pyg' not found.

See the catchfile package documentation for explanation.
Type  H <return>  for immediate help.
 ...                                              
                                                  
l.163   \end{minted}
                    
Try typing  <return>  to proceed.
If that doesn't work, type  X <return>  to quit.


! Package minted Error: Cannot find Pygments style refal.

See the minted package documentation for explanation.
Type  H <return>  for immediate help.
 ...                                              
                                                  
l.163   \end{minted}
                    
Cannot find Pygments style refal

runsystem(which python3 && touch main.aex)...disabled (restricted).

runsystem(which python && touch main.aex)...disabled (restricted).


! Package minted Error: Failed to find Python executables python or python3; ch
eck Python installation (including PATH), or redefine \MintedPython.

See the minted package documentation for explanation.
Type  H <return>  for immediate help.
 ...                                              
                                                  
l.163   \end{minted}
                    
Failed to find Python executables python or python3; check Python installation 
(including PATH), or redefine \MintedPython

runsystem(python3 -c "import sys; import os; import textwrap; from io import op
en; fname = os.path.expanduser(os.path.expandvars(\"build/main.pyg\")); f = ope
n(fname, \"r\", encoding=\"UTF8\") if os.path.isfile(fname) else None; t = f.re
adlines() if f is not None else None; t_opt = t if t is not None else []; f.clo
se() if f is not None else None; tmpfname = os.path.expanduser(os.path.expandva
rs(\"build/main.pyg\")); f = open(tmpfname, \"w\", encoding=\"UTF8\") if t is n
ot None else None; fvstartnum = 0; fvstopnum = -1; s = max(0, fvstartnum-1); e 
= max(s, fvstopnum) if fvstopnum > 0 else len(t_opt); [f.write(textwrap.dedent(
\"\".join(x))) for x in (t_opt[0:s], t_opt[s:e], t_opt[e:]) if x and t is not N
one]; f.close() if t is not None else os.remove(tmpfname);")...disabled (restri
cted).

runsystem(pygmentize -l 'refal' -f latex -P commandprefix=PYG -F tokenmerge -P 
stripnl='False' -o build/main.out.pyg build/main.pyg)...disabled (restricted).


! Package minted Error: Missing Pygments output; \inputminted was
probably given a file that does not exist--otherwise, you may need 
the outputdir package option, or may be using an incompatible build tool,
or may be using frozencache with a missing file.

See the minted package documentation for explanation.
Type  H <return>  for immediate help.
 ...                                              
                                                  
l.163   \end{minted}
                    
This could be caused by using -output-directory or -aux-directory 
without setting minted's outputdir, or by using a build tool that 
changes paths in ways minted cannot detect, 
or using frozencache with a missing file.

[3.3


] [4.4]
LaTeX Font Info:    Font shape `T2A/Tempora-TLF/m/n' will be
(Font)              scaled to size 9.79996pt on input line 274.
LaTeX Font Info:    Font shape `T2A/Tempora-TLF/m/n' will be
(Font)              scaled to size 7.0pt on input line 274.
 [5.5]
LaTeX Font Info:    Font shape `T2A/Tempora-TLF/m/it' will be
(Font)              scaled to size 14.0pt on input line 312.
 [6.6] [7.7]
Underfull \hbox (badness 4132) in paragraph at lines 374--374
[][][]|\T2A/Tempora-TLF/m/n/14 При-мер неод-но-знач-но-го экра-ни-ро-ва-ния пре
д-ло-же-ний Рефал-
 []

\openout3 = `main.pyg'.

runsystem(which python3 && touch main.aex)...disabled (restricted).

runsystem(which python && touch main.aex)...disabled (restricted).


! Package minted Error: Failed to find Python executables python or python3; ch
eck Python installation (including PATH), or redefine \MintedPython.

See the minted package documentation for explanation.
Type  H <return>  for immediate help.
 ...                                              
                                                  
l.384 \end{minted}
                  
Failed to find Python executables python or python3; check Python installation 
(including PATH), or redefine \MintedPython

runsystem(python3 -c "import sys; import os; import textwrap; from io import op
en; fname = os.path.expanduser(os.path.expandvars(\"build/main.pyg\")); f = ope
n(fname, \"r\", encoding=\"UTF8\") if os.path.isfile(fname) else None; t = f.re
adlines() if f is not None else None; t_opt = t if t is not None else []; f.clo
se() if f is not None else None; tmpfname = os.path.expanduser(os.path.expandva
rs(\"build/main.pyg\")); f = open(tmpfname, \"w\", encoding=\"UTF8\") if t is n
ot None else None; fvstartnum = 0; fvstopnum = -1; s = max(0, fvstartnum-1); e 
= max(s, fvstopnum) if fvstopnum > 0 else len(t_opt); [f.write(textwrap.dedent(
\"\".join(x))) for x in (t_opt[0:s], t_opt[s:e], t_opt[e:]) if x and t is not N
one]; f.close() if t is not None else os.remove(tmpfname);")...disabled (restri
cted).

runsystem(pygmentize -l 'refal' -f latex -P commandprefix=PYG -F tokenmerge -P 
stripnl='False' -o build/main.out.pyg build/main.pyg)...disabled (restricted).


! Package minted Error: Missing Pygments output; \inputminted was
probably given a file that does not exist--otherwise, you may need 
the outputdir package option, or may be using an incompatible build tool,
or may be using frozencache with a missing file.

See the minted package documentation for explanation.
Type  H <return>  for immediate help.
 ...                                              
                                                  
l.384 \end{minted}
                  
This could be caused by using -output-directory or -aux-directory 
without setting minted's outputdir, or by using a build tool that 
changes paths in ways minted cannot detect, 
or using frozencache with a missing file.

LaTeX Font Info:    Font shape `T2A/Tempora-TLF/b/n' will be
(Font)              scaled to size 16.79996pt on input line 393.

Underfull \hbox (badness 7814) in paragraph at lines 399--402
[][]\T2A/Tempora-TLF/b/n/14 Определение 15 \T2A/Tempora-TLF/m/n/14 (Кас-кад-ное
 про-из-ве-де-ние ав-то-ма-тов)\T2A/Tempora-TLF/b/n/14 . []\T2A/Tempora-TLF/m/n
/14 Пусть $\OML/cmm/m/it/14.4 A[] \OT1/cmr/m/n/14.4 =
 []

[8.8] [9.9] [10.10]
LaTeX Font Info:    Font shape `T2A/Tempora-TLF/m/n' will be
(Font)              scaled to size 9.3334pt on input line 493.
LaTeX Font Info:    Font shape `T2A/Tempora-TLF/m/n' will be
(Font)              scaled to size 11.66681pt on input line 493.
LaTeX Font Info:    Calculating math sizes for size <11.66681> on input line 49
8.
LaTeX Font Info:    Font shape `T2A/Tempora-TLF/m/n' will be
(Font)              scaled to size 8.16672pt on input line 498.
LaTeX Font Info:    Font shape `T2A/Tempora-TLF/m/n' will be
(Font)              scaled to size 5.8334pt on input line 498.
 [11.11]
\openout3 = `main.pyg'.

runsystem(which python3 && touch main.aex)...disabled (restricted).

runsystem(which python && touch main.aex)...disabled (restricted).



! Package minted Error: Failed to find Python executables python or python3; ch
eck Python installation (including PATH), or redefine \MintedPython.

See the minted package documentation for explanation.
Type  H <return>  for immediate help.
 ...                                              
                                                  
l.532 \end{minted}
                  
Failed to find Python executables python or python3; check Python installation 
(including PATH), or redefine \MintedPython

runsystem(python3 -c "import sys; import os; import textwrap; from io import op
en; fname = os.path.expanduser(os.path.expandvars(\"build/main.pyg\")); f = ope
n(fname, \"r\", encoding=\"UTF8\") if os.path.isfile(fname) else None; t = f.re
adlines() if f is not None else None; t_opt = t if t is not None else []; f.clo
se() if f is not None else None; tmpfname = os.path.expanduser(os.path.expandva
rs(\"build/main.pyg\")); f = open(tmpfname, \"w\", encoding=\"UTF8\") if t is n
ot None else None; fvstartnum = 0; fvstopnum = -1; s = max(0, fvstartnum-1); e 
= max(s, fvstopnum) if fvstopnum > 0 else len(t_opt); [f.write(textwrap.dedent(
\"\".join(x))) for x in (t_opt[0:s], t_opt[s:e], t_opt[e:]) if x and t is not N
one]; f.close() if t is not None else os.remove(tmpfname);")...disabled (restri
cted).

runsystem(pygmentize -l 'refal' -f latex -P commandprefix=PYG -F tokenmerge -P 
stripnl='False' -o build/main.out.pyg build/main.pyg)...disabled (restricted).


! Package minted Error: Missing Pygments output; \inputminted was
probably given a file that does not exist--otherwise, you may need 
the outputdir package option, or may be using an incompatible build tool,
or may be using frozencache with a missing file.

See the minted package documentation for explanation.
Type  H <return>  for immediate help.
 ...                                              
                                                  
l.532 \end{minted}
                  
This could be caused by using -output-directory or -aux-directory 
without setting minted's outputdir, or by using a build tool that 
changes paths in ways minted cannot detect, 
or using frozencache with a missing file.

LaTeX Font Info:    Calculating math sizes for size <9.3334> on input line 582.


LaTeX Font Warning: Font shape `OT1/cmr/m/n' in size <6.53334> not available
(Font)              size <7> substituted on input line 582.


LaTeX Font Warning: Font shape `OML/cmm/m/it' in size <6.53334> not available
(Font)              size <7> substituted on input line 582.


LaTeX Font Warning: Font shape `OMS/cmsy/m/n' in size <6.53334> not available
(Font)              size <7> substituted on input line 582.


LaTeX Font Warning: Font shape `OT1/cmr/bx/n' in size <6.53334> not available
(Font)              size <7> substituted on input line 582.


LaTeX Font Warning: Font shape `OML/cmm/b/it' in size <6.53334> not available
(Font)              size <7> substituted on input line 582.


LaTeX Font Warning: Font shape `OMS/cmsy/b/n' in size <6.53334> not available
(Font)              size <7> substituted on input line 582.


LaTeX Font Warning: Font shape `U/rsfs/m/n' in size <6.53334> not available
(Font)              size <7> substituted on input line 582.

[12.12] [13.13] [14.14] [15.15] [16.16]
\openout3 = `main.pyg'.

runsystem(which python3 && touch main.aex)...disabled (restricted).

runsystem(which python && touch main.aex)...disabled (restricted).



! Package minted Error: Failed to find Python executables python or python3; ch
eck Python installation (including PATH), or redefine \MintedPython.

See the minted package documentation for explanation.
Type  H <return>  for immediate help.
 ...                                              
                                                  
l.1081 \end{minted}
                   
Failed to find Python executables python or python3; check Python installation 
(including PATH), or redefine \MintedPython

runsystem(python3 -c "import sys; import os; import textwrap; from io import op
en; fname = os.path.expanduser(os.path.expandvars(\"build/main.pyg\")); f = ope
n(fname, \"r\", encoding=\"UTF8\") if os.path.isfile(fname) else None; t = f.re
adlines() if f is not None else None; t_opt = t if t is not None else []; f.clo
se() if f is not None else None; tmpfname = os.path.expanduser(os.path.expandva
rs(\"build/main.pyg\")); f = open(tmpfname, \"w\", encoding=\"UTF8\") if t is n
ot None else None; fvstartnum = 0; fvstopnum = -1; s = max(0, fvstartnum-1); e 
= max(s, fvstopnum) if fvstopnum > 0 else len(t_opt); [f.write(textwrap.dedent(
\"\".join(x))) for x in (t_opt[0:s], t_opt[s:e], t_opt[e:]) if x and t is not N
one]; f.close() if t is not None else os.remove(tmpfname);")...disabled (restri
cted).

runsystem(pygmentize -l 'refal' -f latex -P commandprefix=PYG -F tokenmerge -P 
stripnl='False' -o build/main.out.pyg build/main.pyg)...disabled (restricted).


! Package minted Error: Missing Pygments output; \inputminted was
probably given a file that does not exist--otherwise, you may need 
the outputdir package option, or may be using an incompatible build tool,
or may be using frozencache with a missing file.

See the minted package documentation for explanation.
Type  H <return>  for immediate help.
 ...                                              
                                                  
l.1081 \end{minted}
                   
This could be caused by using -output-directory or -aux-directory 
without setting minted's outputdir, or by using a build tool that 
changes paths in ways minted cannot detect, 
or using frozencache with a missing file.

[17.17]
Underfull \hbox (badness 4505) in paragraph at lines 1084--1085
[]\T2A/Tempora-TLF/m/n/14 В дан-ном при-ме-ре оче-вид-но, что шаб-лон тре-тье-г
о пред-ло-же-ния
 []

\openout3 = `main.pyg'.

runsystem(which python3 && touch main.aex)...disabled (restricted).

runsystem(which python && touch main.aex)...disabled (restricted).


! Package minted Error: Failed to find Python executables python or python3; ch
eck Python installation (including PATH), or redefine \MintedPython.

See the minted package documentation for explanation.
Type  H <return>  for immediate help.
 ...                                              
                                                  
l.1105 \end{minted}
                   
Failed to find Python executables python or python3; check Python installation 
(including PATH), or redefine \MintedPython

runsystem(python3 -c "import sys; import os; import textwrap; from io import op
en; fname = os.path.expanduser(os.path.expandvars(\"build/main.pyg\")); f = ope
n(fname, \"r\", encoding=\"UTF8\") if os.path.isfile(fname) else None; t = f.re
adlines() if f is not None else None; t_opt = t if t is not None else []; f.clo
se() if f is not None else None; tmpfname = os.path.expanduser(os.path.expandva
rs(\"build/main.pyg\")); f = open(tmpfname, \"w\", encoding=\"UTF8\") if t is n
ot None else None; fvstartnum = 0; fvstopnum = -1; s = max(0, fvstartnum-1); e 
= max(s, fvstopnum) if fvstopnum > 0 else len(t_opt); [f.write(textwrap.dedent(
\"\".join(x))) for x in (t_opt[0:s], t_opt[s:e], t_opt[e:]) if x and t is not N
one]; f.close() if t is not None else os.remove(tmpfname);")...disabled (restri
cted).

runsystem(pygmentize -l 'refal' -f latex -P commandprefix=PYG -F tokenmerge -P 
stripnl='False' -o build/main.out.pyg build/main.pyg)...disabled (restricted).


! Package minted Error: Missing Pygments output; \inputminted was
probably given a file that does not exist--otherwise, you may need 
the outputdir package option, or may be using an incompatible build tool,
or may be using frozencache with a missing file.

See the minted package documentation for explanation.
Type  H <return>  for immediate help.
 ...                                              
                                                  
l.1105 \end{minted}
                   
This could be caused by using -output-directory or -aux-directory 
without setting minted's outputdir, or by using a build tool that 
changes paths in ways minted cannot detect, 
or using frozencache with a missing file.

[18.18]
LaTeX Font Info:    Font shape `T2A/Tempora-TLF/m/n' will be
(Font)              scaled to size 12.77509pt on input line 1158.
 [19.19

]

LaTeX Warning: Citation 'refal5lambda_breference' on page 20 undefined on input
 line 1171.

[20.20] [21.21]
Package hyperref Info: bookmark level for unknown algorithm defaults to 0 on in
put line 1339.


LaTeX Font Warning: Font shape `T2A/Tempora-TLF/m/sc' undefined
(Font)              using `T2A/Tempora-TLF/m/n' instead on input line 1351.

[22.22] [23.23] [24.24] [25.25] [26.26] [27.27] [28.28] [29.29

] [30.30


]

LaTeX Warning: Empty bibliography on input line 1498.

[31.31


] (./main.aux)

LaTeX Font Warning: Size substitutions with differences
(Font)              up to 0.57997pt have occurred.


LaTeX Font Warning: Some font shapes were not available, defaults substituted.


LaTeX Warning: There were undefined references.

Package rerunfilecheck Info: File `main.out' has not changed.
(rerunfilecheck)             Checksum: D41D8CD98F00B204E9800998ECF8427E;0.

Package biblatex Warning: Please (re)run Biber on the file:
(biblatex)                main
(biblatex)                and rerun LaTeX afterwards.

Package logreq Info: Writing requests to 'main.run.xml'.
\openout1 = `main.run.xml'.

 ) 
Here is how much of TeX's memory you used:
 65046 strings out of 476091
 1502884 string characters out of 5794081
 2854055 words of memory out of 5000000
 84128 multiletter control sequences out of 15000+600000
 575981 words of font info for 140 fonts, out of 8000000 for 9000
 1141 hyphenation exceptions out of 8191
 113i,15n,109p,10643b,3183s stack positions out of 10000i,1000n,20000p,200000b,200000s
{/usr/share/texmf/fonts/enc/dvips/cm-super/cm-super-t2a.enc}{/usr/share/texli
ve/texmf-dist/fonts/enc/dvips/tempora/t2a-tempora.enc}</usr/share/texlive/texmf
-dist/fonts/type1/public/tempora/Tempora-Bold.pfb></usr/share/texlive/texmf-dis
t/fonts/type1/public/tempora/Tempora-Italic.pfb></usr/share/texlive/texmf-dist/
fonts/type1/public/tempora/Tempora-Regular.pfb></usr/share/texlive/texmf-dist/f
onts/type1/public/amsfonts/cm/cmex10.pfb></usr/share/texlive/texmf-dist/fonts/t
ype1/public/amsfonts/cm/cmmi10.pfb></usr/share/texlive/texmf-dist/fonts/type1/p
ublic/amsfonts/cm/cmmi12.pfb></usr/share/texlive/texmf-dist/fonts/type1/public/
amsfonts/cm/cmmi7.pfb></usr/share/texlive/texmf-dist/fonts/type1/public/amsfont
s/cm/cmmi9.pfb></usr/share/texlive/texmf-dist/fonts/type1/public/amsfonts/cm/cm
r10.pfb></usr/share/texlive/texmf-dist/fonts/type1/public/amsfonts/cm/cmr12.pfb
></usr/share/texlive/texmf-dist/fonts/type1/public/amsfonts/cm/cmr7.pfb></usr/s
hare/texlive/texmf-dist/fonts/type1/public/amsfonts/cm/cmr8.pfb></usr/share/tex
live/texmf-dist/fonts/type1/public/amsfonts/cm/cmr9.pfb></usr/share/texlive/tex
mf-dist/fonts/type1/public/amsfonts/cm/cmsy10.pfb></usr/share/texlive/texmf-dis
t/fonts/type1/public/amsfonts/cm/cmsy7.pfb></usr/share/texlive/texmf-dist/fonts
/type1/public/amsfonts/cm/cmsy9.pfb></usr/share/texlive/texmf-dist/fonts/type1/
public/amsfonts/cm/cmti12.pfb></usr/share/texlive/texmf-dist/fonts/type1/public
/amsfonts/symbols/msbm10.pfb></usr/share/texmf/fonts/type1/public/cm-super/sftt
1200.pfb></usr/share/texmf/fonts/type1/public/cm-super/sftt1440.pfb>
Output written on main.pdf (31 pages, 354944 bytes).
PDF statistics:
 475 PDF objects out of 1000 (max. 8388607)
 393 compressed objects within 4 object streams
 97 named destinations out of 1000 (max. 500000)
 339 words of extra memory for PDF output out of 10000 (max. 10000000)

